#include <lvgl.h>

#ifndef LV_ATTRIBUTE_MEM_ALIGN
#define LV_ATTRIBUTE_MEM_ALIGN
#endif

#ifndef LV_ATTRIBUTE_IMG_CRYSTAL_01
#define LV_ATTRIBUTE_IMG_CRYSTAL_01
#endif

const LV_ATTRIBUTE_MEM_ALIGN LV_ATTRIBUTE_LARGE_CONST LV_ATTRIBUTE_IMG_CRYSTAL_01 uint8_t
    crystal_01_map[] = {
#if CONFIG_NICE_VIEW_WIDGET_INVERTED
        0x00, 0x00, 0x00, 0xff, /*Color of index 0*/
        0xff, 0xff, 0xff, 0xff, /*Color of index 1*/
#else
        0xff, 0xff, 0xff, 0xff, /*Color of index 0*/
        0x00, 0x00, 0x00, 0xff, /*Color of index 1*/
#endif

        0x00, 0x00, 0x00, 0x00, 0x00, 0x00, 0x00, 0x00, 0x00, 0x00, 0x00, 0x00, 0x00, 0x00, 0x00,
        0x00, 0x00, 0x00, 0x00, 0x00, 0x00, 0x00, 0x00, 0x00, 0x00, 0x00, 0x00, 0x00, 0x00, 0x00,
        0x00, 0x00, 0x00, 0x00, 0x00, 0x00, 0x00, 0x00, 0x00, 0x00, 0x00, 0x00, 0x00, 0x00, 0x00,
        0x00, 0x00, 0x00, 0x00, 0x00, 0x00, 0x00, 0x00, 0x00, 0x00, 0x00, 0x00, 0x00, 0x00, 0x00,
        0x00, 0x00, 0x00, 0x00, 0x00, 0x00, 0x00, 0x00, 0x00, 0x00, 0x00, 0x00, 0x00, 0x00, 0x00,
        0x00, 0x00, 0x00, 0x00, 0x00, 0x00, 0x00, 0x00, 0x00, 0x00, 0x00, 0x00, 0x00, 0x00, 0x00,
        0x00, 0x00, 0x00, 0x00, 0x00, 0x00, 0x00, 0x00, 0x00, 0x00, 0x00, 0x00, 0x00, 0x00, 0x00,
        0x00, 0x00, 0x00, 0x00, 0x00, 0x00, 0x00, 0x00, 0x00, 0x00, 0x00, 0x00, 0x00, 0x00, 0x00,
        0x00, 0x00, 0x00, 0x00, 0x00, 0x00, 0x00, 0x00, 0x00, 0x00, 0x00, 0x00, 0x00, 0x00, 0x00,
        0x00, 0x00, 0x00, 0x00, 0x00, 0x00, 0x00, 0x00, 0x00, 0x00, 0x00, 0x00, 0x00, 0x00, 0x00,
        0x00, 0x00, 0x00, 0x00, 0x00, 0x00, 0x00, 0x00, 0x00, 0x00, 0x00, 0x00, 0x00, 0x00, 0x00,
        0x00, 0x00, 0x00, 0x00, 0x00, 0x00, 0x00, 0x00, 0x00, 0x07, 0x80, 0x00, 0x00, 0x00, 0x00,
        0x00, 0x00, 0x00, 0x1b, 0xe0, 0x00, 0x00, 0x00, 0x00, 0x00, 0x00, 0x00, 0x61, 0x78, 0x00,
        0x00, 0x00, 0x00, 0x00, 0x00, 0x01, 0x81, 0xfe, 0x00, 0x00, 0x00, 0x00, 0x00, 0x00, 0x06,
        0x01, 0xfd, 0x80, 0x00, 0x00, 0x00, 0x00, 0x00, 0x18, 0x01, 0xfa, 0xe0, 0x00, 0x00, 0x00,
        0x00, 0x00, 0x60, 0x01, 0xf0, 0x18, 0x00, 0x00, 0x00, 0x00, 0x01, 0x80, 0x01, 0xea, 0xae,
        0x00, 0x00, 0x08, 0x00, 0x06, 0x00, 0x01, 0xc0, 0x01, 0x80, 0x00, 0x08, 0x00, 0x18, 0x00,
        0x01, 0xaa, 0xaa, 0xe0, 0x00, 0x00, 0x00, 0x60, 0x00, 0x01, 0x00, 0x00, 0x18, 0x00, 0x00,
        0x01, 0x80, 0x00, 0xff, 0xfe, 0xaa, 0xae, 0x00, 0x00, 0x06, 0x00, 0xff, 0x00, 0x03, 0xfc,
        0x01, 0x80, 0x00, 0x18, 0x7f, 0x00, 0x00, 0x00, 0x03, 0xfa, 0xe0, 0x00, 0x7f, 0x80, 0x00,
        0x00, 0x00, 0x00, 0x07, 0xf8, 0x00, 0x60, 0x00, 0x00, 0x00, 0x00, 0x00, 0x00, 0x18, 0x00,
        0x18, 0x00, 0x00, 0x00, 0x00, 0x00, 0x00, 0x60, 0x00, 0x06, 0x00, 0x00, 0x00, 0x00, 0x00,
        0x01, 0x80, 0x00, 0x01, 0x80, 0x00, 0x00, 0x00, 0x00, 0x06, 0x00, 0x00, 0x00, 0x60, 0x00,
        0x00, 0x00, 0x00, 0x18, 0x00, 0x00, 0x00, 0x18, 0x00, 0x00, 0x00, 0x00, 0x60, 0x00, 0x00,
        0x00, 0x06, 0x00, 0x00, 0x00, 0x01, 0x80, 0x00, 0x00, 0x00, 0x01, 0x80, 0x00, 0x00, 0x06,
        0x00, 0x00, 0x00, 0x00, 0x00, 0x60, 0x00, 0x00, 0x18, 0x00, 0x00, 0x00, 0x00, 0x00, 0x18,
        0x00, 0x00, 0x60, 0x00, 0x00, 0x00, 0x00, 0x00, 0x06, 0x00, 0x01, 0x80, 0x00, 0x00, 0x00,
        0x00, 0x00, 0x01, 0x80, 0x06, 0x00, 0x00, 0x00, 0x00, 0x00, 0x00, 0x00, 0x60, 0x18, 0x00,
        0x00, 0x00, 0x00, 0x00, 0x00, 0x00, 0x18, 0x60, 0x00, 0x00, 0x00, 0x00, 0x00, 0x00, 0x00,
        0x07, 0x80, 0x00, 0x00, 0x00, 0x00, 0x00, 0x00, 0x00, 0x00, 0x00, 0x00, 0x00, 0x00, 0x00,
        0x00, 0x00, 0x00, 0x00, 0x00, 0x00, 0x00, 0x00, 0x00, 0x00, 0x00, 0x00, 0x00, 0x00, 0x00,
        0x00, 0x00, 0x00, 0x00, 0x00, 0x00, 0x00, 0x00, 0x00, 0x00, 0x00, 0x00, 0x00, 0x00, 0x00,
        0x00, 0x00, 0x00, 0x00, 0x00, 0x00, 0x00, 0x00, 0x00, 0x00, 0x00, 0x00, 0x00, 0x00, 0x00,
        0x00, 0x00, 0x00, 0x00, 0x00, 0x00, 0x00, 0x00, 0x00, 0x00, 0x40, 0x00, 0x00, 0x00, 0x00,
        0x00, 0x00, 0x00, 0x00, 0x00, 0x00, 0x00, 0x00, 0x00, 0x00, 0x00, 0x00, 0x00, 0x00, 0x00,
        0x00, 0x00, 0x00, 0x00, 0x00, 0x00, 0x00, 0x00, 0x00, 0x00, 0x00, 0x00, 0x00, 0x00, 0x00,
        0x00, 0x00, 0x00, 0x00, 0x00, 0x00, 0x00, 0x00, 0x00, 0x00, 0x00, 0x00, 0x00, 0x00, 0x00,
        0x00, 0x00, 0x00, 0x00, 0x00, 0x00, 0x00, 0x00, 0x00, 0x00, 0x00, 0x00, 0x00, 0x00, 0x00,
        0x00, 0x00, 0x00, 0x00, 0x00, 0x00, 0x00, 0x00, 0x00, 0x00, 0x00, 0x00, 0x00, 0x00, 0x00,
        0x00, 0x00, 0x00, 0x00, 0x00, 0x00, 0x00, 0x00, 0x00, 0x00, 0x00, 0x00, 0x00, 0x00, 0x00,
        0x00, 0x00, 0x00, 0x00, 0x00, 0x00, 0x00, 0x00, 0x00, 0x00, 0x00, 0x00,
};

const lv_img_dsc_t crystal_01 = {
    .header.cf = LV_IMG_CF_INDEXED_1BIT,
    .header.always_zero = 0,
    .header.reserved = 0,
    .header.w = 69,
    .header.h = 68,
    .data_size = 620,
    .data = crystal_01_map,
};

#ifndef LV_ATTRIBUTE_IMG_CRYSTAL_02
#define LV_ATTRIBUTE_IMG_CRYSTAL_02
#endif

const LV_ATTRIBUTE_MEM_ALIGN LV_ATTRIBUTE_LARGE_CONST LV_ATTRIBUTE_IMG_CRYSTAL_02 uint8_t
    crystal_02_map[] = {
#if CONFIG_NICE_VIEW_WIDGET_INVERTED
        0x00, 0x00, 0x00, 0xff, /*Color of index 0*/
        0xff, 0xff, 0xff, 0xff, /*Color of index 1*/
#else
        0xff, 0xff, 0xff, 0xff, /*Color of index 0*/
        0x00, 0x00, 0x00, 0xff, /*Color of index 1*/
#endif

        0x00, 0x00, 0x00, 0x00, 0x00, 0x00, 0x00, 0x00, 0x00, 0x00, 0x00, 0x00, 0x00, 0x00, 0x00,
        0x00, 0x00, 0x00, 0x00, 0x00, 0x00, 0x00, 0x00, 0x00, 0x00, 0x00, 0x00, 0x00, 0x00, 0x00,
        0x00, 0x00, 0x00, 0x00, 0x00, 0x00, 0x00, 0x00, 0x00, 0x00, 0x00, 0x00, 0x00, 0x00, 0x00,
        0x00, 0x00, 0x00, 0x00, 0x00, 0x00, 0x00, 0x00, 0x00, 0x00, 0x00, 0x00, 0x00, 0x00, 0x00,
        0x00, 0x00, 0x00, 0x00, 0x00, 0x00, 0x00, 0x00, 0x00, 0x00, 0x00, 0x00, 0x00, 0x00, 0x00,
        0x00, 0x00, 0x00, 0x00, 0x00, 0x00, 0x00, 0x00, 0x00, 0x00, 0x00, 0x00, 0x00, 0x00, 0x00,
        0x00, 0x00, 0x00, 0x00, 0x00, 0x00, 0x00, 0x00, 0x00, 0x00, 0x00, 0x00, 0x00, 0x00, 0x00,
        0x00, 0x00, 0x00, 0x00, 0x00, 0x00, 0x00, 0x00, 0x00, 0x00, 0x00, 0x00, 0x00, 0x00, 0x00,
        0x00, 0x00, 0x00, 0x00, 0x00, 0x00, 0x00, 0x00, 0x00, 0x00, 0x00, 0x00, 0x00, 0x00, 0x00,
        0x00, 0x00, 0x00, 0x00, 0x00, 0x00, 0x00, 0x00, 0x00, 0x00, 0x00, 0x00, 0x00, 0x00, 0x00,
        0x00, 0x00, 0x00, 0x00, 0x00, 0x00, 0x00, 0x00, 0x00, 0x00, 0x00, 0x00, 0x00, 0x00, 0x00,
        0x0f, 0x00, 0x00, 0x00, 0x00, 0x00, 0x00, 0x00, 0x00, 0x36, 0xc0, 0x00, 0x00, 0x00, 0x00,
        0x00, 0x00, 0x00, 0xc3, 0x70, 0x00, 0x00, 0x00, 0x00, 0x00, 0x00, 0x03, 0x02, 0x0c, 0x00,
        0x00, 0x00, 0x00, 0x00, 0x00, 0x0c, 0x01, 0x57, 0x00, 0x00, 0x00, 0x00, 0x00, 0x00, 0x30,
        0x00, 0x00, 0xc0, 0x00, 0x00, 0x00, 0x00, 0x00, 0xc0, 0x01, 0x55, 0xf0, 0x00, 0x00, 0x00,
        0x00, 0x01, 0x00, 0x00, 0x03, 0xf8, 0x00, 0x00, 0x00, 0x00, 0x06, 0x00, 0x01, 0x57, 0xfe,
        0x00, 0x00, 0x00, 0x00, 0x18, 0x00, 0x00, 0x0f, 0xff, 0x80, 0x00, 0x00, 0x00, 0x60, 0x00,
        0x7f, 0xff, 0xfd, 0x60, 0x00, 0x00, 0x01, 0x80, 0x0f, 0x80, 0x1f, 0xf8, 0x18, 0x00, 0x08,
        0x06, 0x01, 0xf0, 0x00, 0x00, 0xfd, 0x56, 0x00, 0x08, 0x18, 0x3e, 0x00, 0x00, 0x00, 0x07,
        0xc1, 0x80, 0x18, 0x67, 0xc0, 0x00, 0x00, 0x00, 0x00, 0x3e, 0x60, 0x10, 0xf8, 0x00, 0x00,
        0x00, 0x00, 0x00, 0x01, 0xf0, 0x10, 0xf0, 0x00, 0x00, 0x00, 0x00, 0x00, 0x00, 0xf0, 0x00,
        0x7c, 0x00, 0x00, 0x00, 0x00, 0x00, 0x03, 0xe0, 0x00, 0x1f, 0x00, 0x00, 0x00, 0x00, 0x00,
        0x0f, 0x80, 0x00, 0x07, 0xc0, 0x00, 0x00, 0x00, 0x00, 0x3e, 0x00, 0x00, 0x01, 0xf0, 0x00,
        0x00, 0x00, 0x00, 0xf8, 0x00, 0x00, 0x00, 0x7c, 0x00, 0x00, 0x00, 0x03, 0xe0, 0x00, 0x00,
        0x00, 0x1f, 0x00, 0x00, 0x00, 0x0d, 0x80, 0x00, 0x00, 0x00, 0x07, 0xc0, 0x00, 0x00, 0x36,
        0x00, 0x00, 0x00, 0x00, 0x01, 0xf0, 0x00, 0x00, 0xc8, 0x00, 0x00, 0x00, 0x00, 0x00, 0xfc,
        0x00, 0x03, 0x30, 0x00, 0x00, 0x00, 0x00, 0x00, 0x3f, 0x00, 0x0c, 0xc0, 0x00, 0x00, 0x00,
        0x00, 0x00, 0x0f, 0xc0, 0x33, 0x00, 0x00, 0x00, 0x00, 0x00, 0x00, 0x03, 0xf0, 0xcc, 0x00,
        0x00, 0x00, 0x00, 0x00, 0x00, 0x00, 0xff, 0x30, 0x00, 0x00, 0x00, 0x00, 0x00, 0x00, 0x00,
        0x3c, 0xc0, 0x00, 0x00, 0x00, 0x00, 0x00, 0x00, 0x00, 0x0f, 0x00, 0x00, 0x00, 0x00, 0x00,
        0x00, 0x00, 0x00, 0x00, 0x00, 0x00, 0x00, 0x00, 0x00, 0x00, 0x00, 0x00, 0x00, 0x00, 0x00,
        0x00, 0x00, 0x00, 0x00, 0x00, 0x00, 0x00, 0x00, 0x00, 0x00, 0x00, 0x00, 0x00, 0x00, 0x00,
        0x00, 0x00, 0x00, 0x00, 0x00, 0x00, 0x00, 0x00, 0x00, 0x00, 0x00, 0x00, 0x00, 0x00, 0x00,
        0x00, 0x00, 0x00, 0x00, 0x00, 0x00, 0x00, 0x00, 0x00, 0x00, 0x00, 0x00, 0x00, 0x00, 0x00,
        0x00, 0x00, 0x00, 0x00, 0x80, 0x00, 0x00, 0x00, 0x00, 0x00, 0x00, 0x00, 0x00, 0x00, 0x00,
        0x00, 0x00, 0x00, 0x00, 0x00, 0x00, 0x00, 0x00, 0x00, 0x00, 0x00, 0x00, 0x00, 0x00, 0x00,
        0x00, 0x00, 0x00, 0x00, 0x00, 0x00, 0x00, 0x00, 0x00, 0x00, 0x00, 0x00, 0x00, 0x00, 0x00,
        0x00, 0x00, 0x00, 0x00, 0x00, 0x00, 0x00, 0x00, 0x00, 0x00, 0x00, 0x00, 0x00, 0x00, 0x00,
        0x00, 0x00, 0x00, 0x00, 0x00, 0x00, 0x00, 0x00, 0x00, 0x00, 0x00, 0x00, 0x00, 0x00, 0x00,
        0x00, 0x00, 0x00, 0x00, 0x00, 0x00, 0x00, 0x00, 0x00, 0x00, 0x00, 0x00, 0x00, 0x00, 0x00,
        0x00, 0x00, 0x00, 0x00, 0x00, 0x00, 0x00, 0x00, 0x00, 0x00, 0x00, 0x00,
};

const lv_img_dsc_t crystal_02 = {
    .header.cf = LV_IMG_CF_INDEXED_1BIT,
    .header.always_zero = 0,
    .header.reserved = 0,
    .header.w = 69,
    .header.h = 68,
    .data_size = 620,
    .data = crystal_02_map,
};

#ifndef LV_ATTRIBUTE_IMG_CRYSTAL_03
#define LV_ATTRIBUTE_IMG_CRYSTAL_03
#endif

const LV_ATTRIBUTE_MEM_ALIGN LV_ATTRIBUTE_LARGE_CONST LV_ATTRIBUTE_IMG_CRYSTAL_03 uint8_t
    crystal_03_map[] = {
#if CONFIG_NICE_VIEW_WIDGET_INVERTED
        0x00, 0x00, 0x00, 0xff, /*Color of index 0*/
        0xff, 0xff, 0xff, 0xff, /*Color of index 1*/
#else
        0xff, 0xff, 0xff, 0xff, /*Color of index 0*/
        0x00, 0x00, 0x00, 0xff, /*Color of index 1*/
#endif

        0x00, 0x00, 0x00, 0x00, 0x00, 0x00, 0x00, 0x00, 0x00, 0x00, 0x00, 0x00, 0x00, 0x00, 0x00,
        0x00, 0x00, 0x00, 0x00, 0x00, 0x00, 0x00, 0x00, 0x00, 0x00, 0x00, 0x00, 0x00, 0x00, 0x00,
        0x00, 0x00, 0x00, 0x00, 0x00, 0x00, 0x00, 0x00, 0x00, 0x00, 0x00, 0x00, 0x00, 0x00, 0x00,
        0x00, 0x00, 0x00, 0x00, 0x00, 0x00, 0x00, 0x00, 0x00, 0x00, 0x00, 0x00, 0x00, 0x00, 0x00,
        0x00, 0x00, 0x00, 0x00, 0x00, 0x00, 0x00, 0x00, 0x00, 0x00, 0x00, 0x00, 0x00, 0x00, 0x00,
        0x00, 0x00, 0x00, 0x00, 0x00, 0x00, 0x00, 0x00, 0x00, 0x00, 0x00, 0x00, 0x00, 0x00, 0x00,
        0x00, 0x00, 0x00, 0x00, 0x00, 0x00, 0x00, 0x00, 0x00, 0x00, 0x00, 0x00, 0x00, 0x00, 0x00,
        0x00, 0x00, 0x00, 0x00, 0x00, 0x00, 0x00, 0x00, 0x00, 0x00, 0x00, 0x00, 0x00, 0x00, 0x00,
        0x00, 0x00, 0x00, 0x00, 0x00, 0x00, 0x00, 0x00, 0x00, 0x00, 0x00, 0x00, 0x00, 0x00, 0x00,
        0x00, 0x00, 0x00, 0x00, 0x00, 0x00, 0x00, 0x00, 0x00, 0x00, 0x00, 0x00, 0x00, 0x00, 0x00,
        0x00, 0x00, 0x00, 0x00, 0x00, 0x00, 0x06, 0x00, 0x00, 0x00, 0x00, 0x00, 0x00, 0x00, 0x00,
        0x1b, 0x80, 0x00, 0x00, 0x00, 0x00, 0x00, 0x00, 0x00, 0x62, 0xe0, 0x00, 0x00, 0x00, 0x00,
        0x00, 0x00, 0x01, 0x81, 0x58, 0x00, 0x00, 0x00, 0x00, 0x00, 0x00, 0x02, 0x02, 0xac, 0x00,
        0x00, 0x00, 0x00, 0x00, 0x00, 0x0c, 0x01, 0x57, 0x00, 0x00, 0x00, 0x00, 0x00, 0x00, 0x30,
        0x02, 0xaa, 0xc0, 0x00, 0x00, 0x00, 0x00, 0x00, 0xc0, 0x01, 0x55, 0x70, 0x00, 0x00, 0x00,
        0x00, 0x01, 0x00, 0x02, 0xaa, 0xa8, 0x00, 0x00, 0x00, 0x00, 0x06, 0x00, 0x1f, 0xd5, 0x56,
        0x00, 0x00, 0x00, 0x00, 0x18, 0x01, 0xe0, 0x7a, 0xab, 0x80, 0x00, 0x00, 0x00, 0x60, 0x1e,
        0x00, 0x07, 0xd7, 0xe0, 0x00, 0x00, 0x00, 0x81, 0xe0, 0x00, 0x00, 0x7f, 0xf0, 0x00, 0x00,
        0x03, 0x0e, 0x00, 0x00, 0x00, 0x07, 0xfc, 0x00, 0x00, 0x1c, 0xf0, 0x00, 0x00, 0x00, 0x00,
        0xff, 0x80, 0x00, 0x7f, 0x00, 0x00, 0x00, 0x00, 0x00, 0x0f, 0xe0, 0x00, 0xf0, 0x00, 0x00,
        0x00, 0x00, 0x00, 0x00, 0xf0, 0x00, 0xf0, 0x00, 0x00, 0x00, 0x00, 0x00, 0x00, 0xf0, 0x00,
        0x7c, 0x00, 0x00, 0x00, 0x00, 0x00, 0x03, 0xe0, 0x20, 0x1f, 0x80, 0x00, 0x00, 0x00, 0x00,
        0x1f, 0x80, 0x60, 0x03, 0xe0, 0x00, 0x00, 0x00, 0x00, 0x7c, 0x01, 0xc8, 0x00, 0xdc, 0x00,
        0x00, 0x00, 0x03, 0xb0, 0x07, 0x08, 0x00, 0x6b, 0x00, 0x00, 0x00, 0x0c, 0x60, 0x10, 0x10,
        0x00, 0x1d, 0xc0, 0x00, 0x00, 0x31, 0x80, 0x0c, 0x00, 0x00, 0x06, 0xb8, 0x00, 0x01, 0xc6,
        0x00, 0x00, 0x00, 0x00, 0x01, 0x56, 0x00, 0x06, 0x08, 0x00, 0x00, 0x00, 0x00, 0x00, 0xeb,
        0xc0, 0x38, 0x30, 0x00, 0x00, 0x00, 0x00, 0x00, 0x35, 0x70, 0xc0, 0xc0, 0x00, 0x00, 0x00,
        0x00, 0x00, 0x0e, 0xaf, 0x03, 0x00, 0x00, 0x00, 0x00, 0x00, 0x00, 0x03, 0x5c, 0x04, 0x00,
        0x00, 0x00, 0x00, 0x00, 0x00, 0x01, 0xbc, 0x18, 0x00, 0x00, 0x00, 0x00, 0x00, 0x00, 0x00,
        0x7c, 0x60, 0x00, 0x00, 0x00, 0x00, 0x00, 0x00, 0x00, 0x1d, 0x80, 0x00, 0x00, 0x00, 0x00,
        0x00, 0x00, 0x00, 0x06, 0x00, 0x00, 0x00, 0x00, 0x00, 0x00, 0x00, 0x00, 0x00, 0x00, 0x00,
        0x00, 0x00, 0x00, 0x00, 0x00, 0x00, 0x00, 0x00, 0x00, 0x00, 0x00, 0x00, 0x00, 0x00, 0x00,
        0x00, 0x00, 0x00, 0x00, 0x00, 0x00, 0x00, 0x00, 0x00, 0x00, 0x00, 0x00, 0x00, 0x00, 0x00,
        0x00, 0x00, 0x00, 0x00, 0x00, 0x00, 0x00, 0x00, 0x00, 0x00, 0x00, 0x00, 0x00, 0x00, 0x00,
        0x00, 0x00, 0x00, 0x00, 0x00, 0x00, 0x00, 0x00, 0x00, 0x00, 0x00, 0x00, 0x01, 0x00, 0x00,
        0x00, 0x00, 0x00, 0x00, 0x00, 0x00, 0x00, 0x00, 0x00, 0x00, 0x00, 0x00, 0x00, 0x00, 0x00,
        0x00, 0x00, 0x00, 0x00, 0x00, 0x00, 0x00, 0x00, 0x00, 0x00, 0x00, 0x00, 0x00, 0x00, 0x00,
        0x00, 0x00, 0x00, 0x00, 0x00, 0x00, 0x00, 0x00, 0x00, 0x00, 0x00, 0x00, 0x00, 0x00, 0x00,
        0x00, 0x00, 0x00, 0x00, 0x00, 0x00, 0x00, 0x00, 0x00, 0x00, 0x00, 0x00, 0x00, 0x00, 0x00,
        0x00, 0x00, 0x00, 0x00, 0x00, 0x00, 0x00, 0x00, 0x00, 0x00, 0x00, 0x00, 0x00, 0x00, 0x00,
        0x00, 0x00, 0x00, 0x00, 0x00, 0x00, 0x00, 0x00, 0x00, 0x00, 0x00, 0x00,
};

const lv_img_dsc_t crystal_03 = {
    .header.cf = LV_IMG_CF_INDEXED_1BIT,
    .header.always_zero = 0,
    .header.reserved = 0,
    .header.w = 69,
    .header.h = 68,
    .data_size = 620,
    .data = crystal_03_map,
};

#ifndef LV_ATTRIBUTE_IMG_CRYSTAL_04
#define LV_ATTRIBUTE_IMG_CRYSTAL_04
#endif

const LV_ATTRIBUTE_MEM_ALIGN LV_ATTRIBUTE_LARGE_CONST LV_ATTRIBUTE_IMG_CRYSTAL_04 uint8_t
    crystal_04_map[] = {
#if CONFIG_NICE_VIEW_WIDGET_INVERTED
        0x00, 0x00, 0x00, 0xff, /*Color of index 0*/
        0xff, 0xff, 0xff, 0xff, /*Color of index 1*/
#else
        0xff, 0xff, 0xff, 0xff, /*Color of index 0*/
        0x00, 0x00, 0x00, 0xff, /*Color of index 1*/
#endif

        0x00, 0x00, 0x00, 0x00, 0x00, 0x00, 0x00, 0x00, 0x00, 0x00, 0x00, 0x00, 0x00, 0x00, 0x00,
        0x00, 0x00, 0x00, 0x00, 0x00, 0x00, 0x00, 0x00, 0x00, 0x00, 0x00, 0x00, 0x00, 0x00, 0x00,
        0x00, 0x00, 0x00, 0x00, 0x00, 0x00, 0x00, 0x00, 0x00, 0x00, 0x00, 0x00, 0x00, 0x00, 0x00,
        0x00, 0x00, 0x00, 0x00, 0x00, 0x00, 0x00, 0x00, 0x00, 0x00, 0x00, 0x00, 0x00, 0x00, 0x00,
        0x00, 0x00, 0x00, 0x00, 0x00, 0x00, 0x00, 0x00, 0x00, 0x00, 0x00, 0x00, 0x00, 0x00, 0x00,
        0x00, 0x00, 0x00, 0x00, 0x00, 0x00, 0x00, 0x00, 0x00, 0x00, 0x00, 0x00, 0x00, 0x00, 0x00,
        0x00, 0x00, 0x00, 0x00, 0x00, 0x00, 0x00, 0x00, 0x00, 0x00, 0x00, 0x00, 0x00, 0x00, 0x00,
        0x00, 0x00, 0x00, 0x00, 0x00, 0x00, 0x00, 0x00, 0x00, 0x00, 0x00, 0x00, 0x00, 0x00, 0x00,
        0x00, 0x00, 0x00, 0x00, 0x00, 0x00, 0x00, 0x00, 0x00, 0x00, 0x00, 0x00, 0x00, 0x00, 0x00,
        0x00, 0x00, 0x00, 0x00, 0x00, 0x00, 0x00, 0x00, 0x00, 0x00, 0x00, 0x00, 0x0f, 0x00, 0x00,
        0x00, 0x00, 0x00, 0x00, 0x00, 0x00, 0x32, 0xc0, 0x00, 0x00, 0x00, 0x00, 0x00, 0x00, 0x00,
        0x41, 0x60, 0x00, 0x00, 0x00, 0x00, 0x00, 0x00, 0x01, 0x82, 0xb8, 0x00, 0x00, 0x00, 0x00,
        0x00, 0x00, 0x06, 0x01, 0x56, 0x00, 0x00, 0x00, 0x00, 0x00, 0x00, 0x08, 0x02, 0xab, 0x00,
        0x00, 0x00, 0x00, 0x00, 0x00, 0x30, 0x01, 0x55, 0xc0, 0x00, 0x00, 0x00, 0x00, 0x00, 0xc0,
        0x02, 0xaa, 0xb0, 0x00, 0x00, 0x00, 0x00, 0x01, 0x00, 0x0f, 0x55, 0x58, 0x00, 0x00, 0x00,
        0x00, 0x06, 0x00, 0x70, 0xea, 0xae, 0x00, 0x00, 0x00, 0x00, 0x18, 0x03, 0x80, 0x1d, 0x55,
        0x80, 0x00, 0x00, 0x00, 0x20, 0x1c, 0x00, 0x03, 0xaa, 0xc0, 0x00, 0x00, 0x00, 0xc0, 0xe0,
        0x00, 0x00, 0x75, 0x70, 0x00, 0x00, 0x03, 0x07, 0x00, 0x00, 0x00, 0x0e, 0xac, 0x00, 0x00,
        0x04, 0x38, 0x00, 0x00, 0x00, 0x01, 0xd6, 0x00, 0x00, 0x19, 0xc0, 0x00, 0x00, 0x00, 0x00,
        0x3b, 0x80, 0x00, 0x6e, 0x00, 0x00, 0x00, 0x00, 0x00, 0x07, 0xe0, 0x00, 0xf0, 0x00, 0x00,
        0x00, 0x00, 0x00, 0x00, 0xf0, 0x00, 0xf0, 0x00, 0x00, 0x00, 0x00, 0x00, 0x00, 0xf0, 0x00,
        0x6e, 0x00, 0x00, 0x00, 0x00, 0x00, 0x07, 0x60, 0x00, 0x19, 0xc0, 0x00, 0x00, 0x00, 0x00,
        0x39, 0xc0, 0x00, 0x06, 0xb8, 0x00, 0x00, 0x00, 0x01, 0xc6, 0x60, 0x00, 0x03, 0x07, 0x00,
        0x00, 0x00, 0x0e, 0x1c, 0x18, 0x00, 0x00, 0xea, 0xe0, 0x00, 0x00, 0x70, 0x30, 0x00, 0x00,
        0x00, 0x20, 0x1c, 0x00, 0x03, 0x80, 0xc0, 0x20, 0x08, 0x00, 0x1a, 0xab, 0x80, 0x1c, 0x01,
        0x80, 0x20, 0x10, 0x00, 0x06, 0x07, 0xf0, 0xe0, 0x06, 0x00, 0x10, 0x00, 0x00, 0x01, 0xaf,
        0xef, 0x00, 0x08, 0x00, 0x00, 0x00, 0x00, 0x00, 0xdf, 0xf0, 0x00, 0x30, 0x00, 0x00, 0x00,
        0x00, 0x00, 0x3f, 0xe8, 0x00, 0xc0, 0x00, 0x00, 0x00, 0x00, 0x00, 0x0f, 0xc0, 0x01, 0x00,
        0x00, 0x00, 0x00, 0x00, 0x00, 0x07, 0xa8, 0x06, 0x00, 0x00, 0x00, 0x00, 0x00, 0x00, 0x01,
        0x80, 0x18, 0x00, 0x00, 0x00, 0x00, 0x00, 0x00, 0x00, 0x6a, 0x20, 0x00, 0x00, 0x00, 0x00,
        0x00, 0x00, 0x00, 0x33, 0xc0, 0x00, 0x00, 0x00, 0x00, 0x00, 0x00, 0x00, 0x0f, 0x00, 0x00,
        0x00, 0x00, 0x00, 0x00, 0x00, 0x00, 0x00, 0x00, 0x00, 0x00, 0x00, 0x00, 0x00, 0x00, 0x00,
        0x00, 0x00, 0x00, 0x00, 0x00, 0x00, 0x00, 0x00, 0x00, 0x00, 0x00, 0x00, 0x00, 0x00, 0x00,
        0x00, 0x00, 0x00, 0x00, 0x00, 0x00, 0x00, 0x00, 0x00, 0x00, 0x00, 0x00, 0x00, 0x00, 0x00,
        0x00, 0x00, 0x00, 0x00, 0x00, 0x00, 0x00, 0x00, 0x00, 0x00, 0x00, 0x00, 0x00, 0x00, 0x00,
        0x00, 0x00, 0x00, 0x00, 0x00, 0x00, 0x00, 0x00, 0x00, 0x00, 0x00, 0x00, 0x00, 0x00, 0x00,
        0x00, 0x00, 0x00, 0x00, 0x00, 0x00, 0x00, 0x00, 0x00, 0x00, 0x00, 0x00, 0x00, 0x00, 0x00,
        0x00, 0x00, 0x00, 0x00, 0x00, 0x00, 0x00, 0x00, 0x00, 0x00, 0x00, 0x00, 0x00, 0x00, 0x00,
        0x00, 0x00, 0x00, 0x00, 0x00, 0x00, 0x00, 0x00, 0x00, 0x00, 0x00, 0x00, 0x00, 0x00, 0x00,
        0x00, 0x00, 0x00, 0x00, 0x00, 0x00, 0x00, 0x00, 0x00, 0x00, 0x00, 0x00, 0x00, 0x00, 0x00,
        0x00, 0x00, 0x00, 0x00, 0x00, 0x00, 0x00, 0x00, 0x00, 0x00, 0x00, 0x00,
};

const lv_img_dsc_t crystal_04 = {
    .header.cf = LV_IMG_CF_INDEXED_1BIT,
    .header.always_zero = 0,
    .header.reserved = 0,
    .header.w = 69,
    .header.h = 68,
    .data_size = 620,
    .data = crystal_04_map,
};

#ifndef LV_ATTRIBUTE_IMG_CRYSTAL_05
#define LV_ATTRIBUTE_IMG_CRYSTAL_05
#endif

const LV_ATTRIBUTE_MEM_ALIGN LV_ATTRIBUTE_LARGE_CONST LV_ATTRIBUTE_IMG_CRYSTAL_05 uint8_t
    crystal_05_map[] = {
#if CONFIG_NICE_VIEW_WIDGET_INVERTED
        0x00, 0x00, 0x00, 0xff, /*Color of index 0*/
        0xff, 0xff, 0xff, 0xff, /*Color of index 1*/
#else
        0xff, 0xff, 0xff, 0xff, /*Color of index 0*/
        0x00, 0x00, 0x00, 0xff, /*Color of index 1*/
#endif

        0x00, 0x00, 0x00, 0x00, 0x00, 0x00, 0x00, 0x00, 0x00, 0x00, 0x00, 0x00, 0x00, 0x00, 0x00,
        0x00, 0x00, 0x00, 0x00, 0x00, 0x00, 0x00, 0x00, 0x00, 0x00, 0x00, 0x00, 0x00, 0x00, 0x00,
        0x00, 0x00, 0x00, 0x00, 0x00, 0x00, 0x00, 0x00, 0x00, 0x00, 0x00, 0x00, 0x00, 0x00, 0x00,
        0x00, 0x00, 0x00, 0x00, 0x00, 0x00, 0x00, 0x00, 0x00, 0x00, 0x00, 0x00, 0x00, 0x00, 0x00,
        0x00, 0x00, 0x00, 0x00, 0x00, 0x00, 0x00, 0x00, 0x00, 0x00, 0x00, 0x00, 0x00, 0x00, 0x00,
        0x00, 0x00, 0x00, 0x00, 0x00, 0x00, 0x00, 0x00, 0x00, 0x00, 0x00, 0x00, 0x00, 0x00, 0x00,
        0x00, 0x00, 0x00, 0x00, 0x00, 0x00, 0x00, 0x00, 0x00, 0x00, 0x00, 0x00, 0x00, 0x00, 0x00,
        0x00, 0x00, 0x00, 0x00, 0x00, 0x00, 0x00, 0x00, 0x00, 0x00, 0x00, 0x00, 0x00, 0x00, 0x00,
        0x00, 0x00, 0x00, 0x00, 0x00, 0x00, 0x00, 0x00, 0x00, 0x00, 0x00, 0x00, 0x00, 0x00, 0x00,
        0x00, 0x00, 0x00, 0x00, 0x00, 0x00, 0x00, 0x00, 0x00, 0x00, 0x00, 0x00, 0x06, 0x00, 0x00,
        0x00, 0x00, 0x00, 0x00, 0x00, 0x00, 0x1b, 0x80, 0x00, 0x00, 0x00, 0x00, 0x00, 0x00, 0x00,
        0x63, 0xe0, 0x00, 0x00, 0x00, 0x00, 0x00, 0x00, 0x00, 0xa3, 0xf0, 0x00, 0x00, 0x00, 0x00,
        0x00, 0x00, 0x03, 0x03, 0xfc, 0x00, 0x00, 0x00, 0x00, 0x00, 0x00, 0x0c, 0x8b, 0xff, 0x00,
        0x00, 0x00, 0x00, 0x00, 0x00, 0x10, 0x1f, 0xff, 0x80, 0x00, 0x00, 0x00, 0x00, 0x00, 0x62,
        0x60, 0x7f, 0xe0, 0x00, 0x00, 0x00, 0x00, 0x01, 0x83, 0x80, 0x1f, 0xf8, 0x00, 0x00, 0x00,
        0x00, 0x02, 0x8c, 0x00, 0x03, 0xfc, 0x00, 0x00, 0x00, 0x00, 0x0c, 0x70, 0x00, 0x00, 0xff,
        0x10, 0x00, 0x00, 0x00, 0x33, 0x80, 0x00, 0x00, 0x1f, 0xd0, 0x00, 0x00, 0x00, 0x46, 0x00,
        0x00, 0x00, 0x07, 0xf8, 0x00, 0x00, 0x01, 0xb8, 0x00, 0x00, 0x00, 0x01, 0xf8, 0x00, 0x00,
        0x06, 0xc0, 0x00, 0x00, 0x00, 0x00, 0x3e, 0x00, 0x00, 0x1f, 0x00, 0x00, 0x00, 0x00, 0x00,
        0x0f, 0x80, 0x00, 0x78, 0x00, 0x00, 0x00, 0x00, 0x00, 0x01, 0xe0, 0x00, 0xe0, 0x00, 0x00,
        0x00, 0x00, 0x00, 0x00, 0x70, 0x00, 0xf0, 0x00, 0x00, 0x00, 0x00, 0x00, 0x00, 0xf0, 0x00,
        0x7f, 0x00, 0x00, 0x00, 0x00, 0x00, 0x0f, 0xe0, 0x00, 0x18, 0xf0, 0x00, 0x00, 0x00, 0x00,
        0xf1, 0x80, 0x00, 0x06, 0xae, 0x00, 0x00, 0x00, 0x07, 0x06, 0x00, 0x00, 0x01, 0x9f, 0xe0,
        0x00, 0x00, 0x78, 0x18, 0x00, 0x00, 0x00, 0x7f, 0xfe, 0x00, 0x07, 0x80, 0x20, 0x00, 0x00,
        0x00, 0x3f, 0xf1, 0xe0, 0x78, 0x00, 0xc0, 0x00, 0x00, 0x00, 0x0f, 0xea, 0xbf, 0x80, 0x03,
        0x00, 0x00, 0x00, 0x00, 0x03, 0xc0, 0x00, 0x00, 0x04, 0x00, 0x40, 0x10, 0x00, 0x01, 0xaa,
        0xa8, 0x00, 0x18, 0x00, 0x20, 0x00, 0x00, 0x00, 0x60, 0x00, 0x00, 0x60, 0x00, 0x00, 0x00,
        0x00, 0x00, 0x1a, 0xa8, 0x00, 0x80, 0x00, 0x00, 0x00, 0x00, 0x00, 0x0c, 0x02, 0x03, 0x00,
        0x00, 0x00, 0x00, 0x00, 0x00, 0x03, 0xaa, 0x0c, 0x00, 0x00, 0x00, 0x00, 0x00, 0x00, 0x00,
        0x82, 0x10, 0x00, 0x00, 0x00, 0x00, 0x00, 0x00, 0x00, 0x6b, 0x60, 0x00, 0x00, 0x00, 0x00,
        0x00, 0x00, 0x00, 0x1b, 0x80, 0x00, 0x00, 0x00, 0x00, 0x00, 0x00, 0x00, 0x06, 0x00, 0x00,
        0x00, 0x00, 0x00, 0x00, 0x00, 0x00, 0x00, 0x00, 0x00, 0x00, 0x00, 0x00, 0x00, 0x00, 0x00,
        0x00, 0x00, 0x00, 0x00, 0x00, 0x00, 0x00, 0x00, 0x00, 0x00, 0x00, 0x00, 0x00, 0x00, 0x00,
        0x00, 0x00, 0x00, 0x00, 0x00, 0x00, 0x00, 0x00, 0x00, 0x00, 0x00, 0x00, 0x00, 0x00, 0x00,
        0x00, 0x00, 0x00, 0x00, 0x00, 0x00, 0x00, 0x00, 0x00, 0x00, 0x00, 0x00, 0x00, 0x00, 0x00,
        0x00, 0x00, 0x00, 0x00, 0x00, 0x00, 0x00, 0x00, 0x00, 0x00, 0x00, 0x00, 0x00, 0x00, 0x00,
        0x00, 0x00, 0x00, 0x00, 0x00, 0x00, 0x00, 0x00, 0x00, 0x00, 0x00, 0x00, 0x00, 0x00, 0x00,
        0x00, 0x00, 0x00, 0x00, 0x00, 0x00, 0x00, 0x00, 0x00, 0x00, 0x00, 0x00, 0x00, 0x00, 0x00,
        0x00, 0x00, 0x00, 0x00, 0x00, 0x00, 0x00, 0x00, 0x00, 0x00, 0x00, 0x00, 0x00, 0x00, 0x00,
        0x00, 0x00, 0x00, 0x00, 0x00, 0x00, 0x00, 0x00, 0x00, 0x00, 0x00, 0x00, 0x00, 0x00, 0x00,
        0x00, 0x00, 0x00, 0x00, 0x00, 0x00, 0x00, 0x00, 0x00, 0x00, 0x00, 0x00,
};

const lv_img_dsc_t crystal_05 = {
    .header.cf = LV_IMG_CF_INDEXED_1BIT,
    .header.always_zero = 0,
    .header.reserved = 0,
    .header.w = 69,
    .header.h = 68,
    .data_size = 620,
    .data = crystal_05_map,
};

#ifndef LV_ATTRIBUTE_IMG_CRYSTAL_06
#define LV_ATTRIBUTE_IMG_CRYSTAL_06
#endif

const LV_ATTRIBUTE_MEM_ALIGN LV_ATTRIBUTE_LARGE_CONST LV_ATTRIBUTE_IMG_CRYSTAL_06 uint8_t
    crystal_06_map[] = {
#if CONFIG_NICE_VIEW_WIDGET_INVERTED
        0x00, 0x00, 0x00, 0xff, /*Color of index 0*/
        0xff, 0xff, 0xff, 0xff, /*Color of index 1*/
#else
        0xff, 0xff, 0xff, 0xff, /*Color of index 0*/
        0x00, 0x00, 0x00, 0xff, /*Color of index 1*/
#endif

        0x00, 0x00, 0x00, 0x00, 0x00, 0x00, 0x00, 0x00, 0x00, 0x00, 0x00, 0x00, 0x00, 0x00, 0x00,
        0x00, 0x00, 0x00, 0x00, 0x00, 0x00, 0x00, 0x00, 0x00, 0x00, 0x00, 0x00, 0x00, 0x00, 0x00,
        0x00, 0x00, 0x00, 0x00, 0x00, 0x00, 0x00, 0x00, 0x00, 0x00, 0x00, 0x00, 0x00, 0x00, 0x00,
        0x00, 0x00, 0x00, 0x00, 0x00, 0x00, 0x00, 0x00, 0x00, 0x00, 0x00, 0x00, 0x00, 0x00, 0x00,
        0x00, 0x00, 0x00, 0x00, 0x00, 0x00, 0x00, 0x00, 0x00, 0x00, 0x00, 0x00, 0x00, 0x00, 0x00,
        0x00, 0x00, 0x00, 0x00, 0x00, 0x00, 0x00, 0x00, 0x00, 0x00, 0x00, 0x00, 0x00, 0x00, 0x00,
        0x00, 0x00, 0x00, 0x00, 0x00, 0x00, 0x00, 0x00, 0x00, 0x00, 0x00, 0x00, 0x00, 0x00, 0x00,
        0x00, 0x00, 0x00, 0x00, 0x00, 0x00, 0x00, 0x00, 0x00, 0x80, 0x00, 0x00, 0x00, 0x00, 0x00,
        0x00, 0x00, 0x00, 0x40, 0x00, 0x00, 0x00, 0x00, 0x00, 0x00, 0x00, 0x00, 0x60, 0x00, 0x00,
        0x00, 0x00, 0x00, 0x00, 0x00, 0x00, 0x20, 0x00, 0x00, 0x00, 0x00, 0x00, 0x00, 0x00, 0x00,
        0x30, 0x00, 0x00, 0x00, 0x00, 0x00, 0x0f, 0x00, 0x00, 0x30, 0x00, 0x00, 0x00, 0x00, 0x00,
        0x37, 0xc0, 0x00, 0x10, 0x00, 0x00, 0x00, 0x00, 0x00, 0xeb, 0xf0, 0x00, 0x10, 0x00, 0x00,
        0x00, 0x00, 0x03, 0x5f, 0xfc, 0x00, 0x10, 0x00, 0x00, 0x00, 0x00, 0x06, 0xe0, 0x7e, 0x00,
        0x10, 0x00, 0x00, 0x00, 0x00, 0x1d, 0x80, 0x1f, 0x80, 0x10, 0x00, 0x00, 0x00, 0x00, 0x6e,
        0x00, 0x07, 0xe0, 0x10, 0x00, 0x00, 0x00, 0x01, 0xd8, 0x00, 0x01, 0xf8, 0x10, 0x00, 0x00,
        0x00, 0x02, 0xe0, 0x00, 0x00, 0x7c, 0x00, 0x00, 0x00, 0x00, 0x0d, 0x80, 0x00, 0x00, 0x1f,
        0x00, 0x00, 0x00, 0x00, 0x3e, 0x00, 0x00, 0x00, 0x07, 0xc0, 0x00, 0x00, 0x00, 0xd8, 0x00,
        0x00, 0x00, 0x01, 0xf0, 0x00, 0x00, 0x01, 0xe0, 0x00, 0x00, 0x00, 0x00, 0x78, 0x00, 0x00,
        0x07, 0x80, 0x00, 0x00, 0x00, 0x00, 0x1e, 0x00, 0x00, 0x1e, 0x00, 0x00, 0x00, 0x00, 0x00,
        0x07, 0x80, 0x00, 0x78, 0x00, 0x00, 0x00, 0x00, 0x00, 0x01, 0xe0, 0x00, 0xe0, 0x00, 0x00,
        0x00, 0x00, 0x00, 0x00, 0x70, 0x00, 0xf8, 0x00, 0x00, 0x00, 0x00, 0x00, 0x01, 0xf0, 0x00,
        0x7f, 0xc0, 0x00, 0x00, 0x00, 0x00, 0x3e, 0x60, 0x00, 0x1f, 0xfe, 0x00, 0x00, 0x00, 0x07,
        0xc1, 0x80, 0x00, 0x07, 0xe9, 0xf0, 0x00, 0x00, 0xf8, 0x06, 0x00, 0x00, 0x01, 0xc0, 0x0f,
        0x82, 0x1f, 0x00, 0x08, 0x00, 0x00, 0x00, 0xe2, 0x22, 0x7f, 0xe0, 0x00, 0x30, 0x00, 0x00,
        0x00, 0x30, 0x00, 0x03, 0x00, 0x00, 0xc0, 0x00, 0x00, 0x00, 0x0c, 0x88, 0x8a, 0x00, 0x03,
        0x00, 0x00, 0x00, 0x00, 0x02, 0x00, 0x02, 0x00, 0x04, 0x00, 0x00, 0x00, 0x00, 0x01, 0xa2,
        0x22, 0x00, 0x18, 0x00, 0x80, 0x20, 0x00, 0x00, 0x60, 0x02, 0x00, 0x60, 0x00, 0x00, 0x00,
        0x00, 0x00, 0x18, 0x8a, 0x01, 0x80, 0x00, 0x00, 0x00, 0x00, 0x00, 0x04, 0x02, 0x02, 0x00,
        0x00, 0x00, 0x00, 0x00, 0x00, 0x03, 0x22, 0x0c, 0x00, 0x00, 0x00, 0x00, 0x00, 0x00, 0x00,
        0xc2, 0x30, 0x00, 0x00, 0x00, 0x00, 0x00, 0x00, 0x00, 0x3a, 0xc0, 0x00, 0x00, 0x00, 0x00,
        0x00, 0x00, 0x00, 0x0f, 0x00, 0x00, 0x00, 0x00, 0x00, 0x00, 0x00, 0x00, 0x00, 0x00, 0x00,
        0x00, 0x00, 0x00, 0x00, 0x00, 0x00, 0x00, 0x00, 0x00, 0x00, 0x00, 0x00, 0x00, 0x00, 0x00,
        0x00, 0x00, 0x00, 0x00, 0x00, 0x00, 0x00, 0x00, 0x00, 0x00, 0x00, 0x00, 0x00, 0x00, 0x00,
        0x00, 0x00, 0x00, 0x00, 0x00, 0x00, 0x00, 0x00, 0x00, 0x00, 0x00, 0x00, 0x00, 0x00, 0x00,
        0x00, 0x00, 0x00, 0x00, 0x00, 0x00, 0x00, 0x00, 0x00, 0x00, 0x00, 0x00, 0x00, 0x00, 0x00,
        0x00, 0x00, 0x00, 0x00, 0x00, 0x00, 0x00, 0x00, 0x00, 0x00, 0x00, 0x00, 0x00, 0x00, 0x00,
        0x00, 0x00, 0x00, 0x00, 0x00, 0x00, 0x00, 0x00, 0x00, 0x00, 0x00, 0x00, 0x00, 0x00, 0x00,
        0x00, 0x00, 0x00, 0x00, 0x00, 0x00, 0x00, 0x00, 0x00, 0x00, 0x00, 0x00, 0x00, 0x00, 0x00,
        0x00, 0x00, 0x00, 0x00, 0x00, 0x00, 0x00, 0x00, 0x00, 0x00, 0x00, 0x00, 0x00, 0x00, 0x00,
        0x00, 0x00, 0x00, 0x00, 0x00, 0x00, 0x00, 0x00, 0x00, 0x00, 0x00, 0x00, 0x00, 0x00, 0x00,
        0x00, 0x00, 0x00, 0x00, 0x00, 0x00, 0x00, 0x00, 0x00, 0x00, 0x00, 0x00,
};

const lv_img_dsc_t crystal_06 = {
    .header.cf = LV_IMG_CF_INDEXED_1BIT,
    .header.always_zero = 0,
    .header.reserved = 0,
    .header.w = 69,
    .header.h = 68,
    .data_size = 620,
    .data = crystal_06_map,
};

#ifndef LV_ATTRIBUTE_IMG_CRYSTAL_07
#define LV_ATTRIBUTE_IMG_CRYSTAL_07
#endif

const LV_ATTRIBUTE_MEM_ALIGN LV_ATTRIBUTE_LARGE_CONST LV_ATTRIBUTE_IMG_CRYSTAL_07 uint8_t
    crystal_07_map[] = {
#if CONFIG_NICE_VIEW_WIDGET_INVERTED
        0x00, 0x00, 0x00, 0xff, /*Color of index 0*/
        0xff, 0xff, 0xff, 0xff, /*Color of index 1*/
#else
        0xff, 0xff, 0xff, 0xff, /*Color of index 0*/
        0x00, 0x00, 0x00, 0xff, /*Color of index 1*/
#endif

        0x00, 0x00, 0x00, 0x00, 0x00, 0x00, 0x00, 0x00, 0x00, 0x00, 0x00, 0x00, 0x00, 0x00, 0x00,
        0x00, 0x00, 0x00, 0x00, 0x00, 0x00, 0x00, 0x00, 0x00, 0x00, 0x00, 0x00, 0x00, 0x00, 0x00,
        0x00, 0x00, 0x00, 0x00, 0x00, 0x00, 0x00, 0x00, 0x00, 0x00, 0x00, 0x00, 0x00, 0x00, 0x00,
        0x00, 0x00, 0x00, 0x00, 0x00, 0x00, 0x00, 0x00, 0x00, 0x00, 0x00, 0x00, 0x00, 0x00, 0x00,
        0x00, 0x00, 0x00, 0x00, 0x00, 0x00, 0x00, 0x00, 0x00, 0x00, 0x00, 0x00, 0x00, 0x00, 0x00,
        0x00, 0x00, 0x60, 0x00, 0x00, 0x00, 0x00, 0x00, 0x00, 0x00, 0x00, 0xcc, 0x00, 0x00, 0x00,
        0x00, 0x00, 0x00, 0x00, 0x00, 0x9a, 0x00, 0x00, 0x00, 0x00, 0x00, 0x00, 0x00, 0x00, 0xb1,
        0x00, 0x00, 0x00, 0x00, 0x00, 0x00, 0x00, 0x00, 0x30, 0x00, 0x00, 0x00, 0x00, 0x00, 0x00,
        0x00, 0x00, 0x20, 0x00, 0x00, 0x00, 0x00, 0x00, 0x00, 0x00, 0x00, 0x20, 0x00, 0x00, 0x00,
        0x00, 0x00, 0x00, 0x00, 0x00, 0x20, 0x00, 0x00, 0x00, 0x00, 0x00, 0x00, 0x00, 0x00, 0x20,
        0x00, 0x00, 0x00, 0x00, 0x00, 0x00, 0x00, 0x00, 0x40, 0x00, 0x00, 0x00, 0x00, 0x00, 0x00,
        0x07, 0x80, 0x40, 0x00, 0x00, 0x00, 0x00, 0x00, 0x00, 0x19, 0xe0, 0x40, 0x00, 0x00, 0x00,
        0x00, 0x00, 0x00, 0x61, 0x18, 0x40, 0x00, 0x00, 0x00, 0x00, 0x00, 0x01, 0x80, 0x06, 0x40,
        0x00, 0x00, 0x00, 0x00, 0x00, 0x06, 0x00, 0x01, 0xc0, 0x00, 0x00, 0x00, 0x00, 0x00, 0x18,
        0x00, 0x00, 0x60, 0x00, 0x00, 0x00, 0x00, 0x00, 0x60, 0x00, 0x00, 0x58, 0x00, 0x00, 0x00,
        0x00, 0x00, 0x80, 0x00, 0x00, 0x44, 0x00, 0x00, 0x00, 0x00, 0x03, 0x00, 0x00, 0x00, 0x43,
        0x00, 0x00, 0x00, 0x00, 0x0c, 0x00, 0x00, 0x00, 0x40, 0xc0, 0x00, 0x00, 0x00, 0x30, 0x00,
        0x00, 0x00, 0x00, 0x30, 0x00, 0x00, 0x00, 0xc0, 0x00, 0x00, 0x00, 0x00, 0x0c, 0x00, 0x00,
        0x03, 0x00, 0x00, 0x00, 0x00, 0x00, 0x03, 0x00, 0x00, 0x0c, 0x00, 0x00, 0x00, 0x00, 0x00,
        0x00, 0xc0, 0x00, 0x30, 0x00, 0x00, 0x00, 0x00, 0x00, 0x00, 0x30, 0x00, 0x40, 0x00, 0x00,
        0x00, 0x00, 0x00, 0x00, 0x08, 0x00, 0x7f, 0x80, 0x00, 0x01, 0x00, 0x00, 0x07, 0xf8, 0x00,
        0x38, 0x7f, 0x00, 0x01, 0x00, 0x03, 0xf8, 0x30, 0x00, 0x0e, 0x00, 0xff, 0x03, 0x03, 0xfc,
        0x00, 0xc0, 0x00, 0x03, 0x80, 0x00, 0xff, 0xfc, 0x00, 0x03, 0x00, 0x00, 0x00, 0xc0, 0x00,
        0x01, 0x80, 0x00, 0x0c, 0x00, 0x00, 0x00, 0x30, 0x00, 0x01, 0x00, 0x00, 0x30, 0x00, 0x00,
        0x00, 0x0c, 0x00, 0x01, 0x00, 0x00, 0xc0, 0x00, 0x00, 0x00, 0x03, 0x00, 0x00, 0x00, 0x03,
        0x00, 0x00, 0x00, 0x00, 0x00, 0x80, 0x00, 0x00, 0x04, 0x00, 0x00, 0x00, 0x00, 0x00, 0x60,
        0x00, 0x00, 0x18, 0x01, 0x00, 0x00, 0x00, 0x00, 0x18, 0x00, 0x00, 0x60, 0x00, 0x00, 0x00,
        0x00, 0x00, 0x06, 0x00, 0x01, 0x80, 0x00, 0x00, 0x00, 0x00, 0x00, 0x01, 0x80, 0x06, 0x00,
        0x00, 0x00, 0x00, 0x00, 0x00, 0x00, 0x60, 0x18, 0x00, 0x00, 0x00, 0x00, 0x00, 0x00, 0x00,
        0x18, 0x60, 0x00, 0x00, 0x00, 0x00, 0x00, 0x00, 0x00, 0x07, 0x80, 0x00, 0x00, 0x00, 0x00,
        0x00, 0x00, 0x00, 0x00, 0x00, 0x00, 0x00, 0x00, 0x00, 0x00, 0x00, 0x00, 0x00, 0x00, 0x00,
        0x00, 0x00, 0x00, 0x00, 0x00, 0x00, 0x00, 0x00, 0x00, 0x00, 0x00, 0x00, 0x00, 0x00, 0x00,
        0x00, 0x00, 0x00, 0x00, 0x00, 0x00, 0x00, 0x00, 0x00, 0x00, 0x00, 0x00, 0x00, 0x00, 0x00,
        0x00, 0x00, 0x00, 0x00, 0x00, 0x00, 0x00, 0x00, 0x00, 0x00, 0x00, 0x00, 0x00, 0x00, 0x00,
        0x00, 0x00, 0x00, 0x00, 0x00, 0x00, 0x00, 0x00, 0x00, 0x00, 0x00, 0x00, 0x00, 0x00, 0x00,
        0x00, 0x00, 0x00, 0x00, 0x00, 0x00, 0x00, 0x00, 0x00, 0x00, 0x00, 0x00, 0x00, 0x00, 0x00,
        0x00, 0x00, 0x00, 0x00, 0x00, 0x00, 0x00, 0x00, 0x00, 0x00, 0x00, 0x00, 0x00, 0x00, 0x00,
        0x00, 0x00, 0x00, 0x00, 0x00, 0x00, 0x00, 0x00, 0x00, 0x00, 0x00, 0x00, 0x00, 0x00, 0x00,
        0x00, 0x00, 0x00, 0x00, 0x00, 0x00, 0x00, 0x00, 0x00, 0x00, 0x00, 0x00, 0x00, 0x00, 0x00,
        0x00, 0x00, 0x00, 0x00, 0x00, 0x00, 0x00, 0x00, 0x00, 0x00, 0x00, 0x00, 0x00, 0x00, 0x00,
        0x00, 0x00, 0x00, 0x00, 0x00, 0x00, 0x00, 0x00, 0x00, 0x00, 0x00, 0x00,
};

const lv_img_dsc_t crystal_07 = {
    .header.cf = LV_IMG_CF_INDEXED_1BIT,
    .header.always_zero = 0,
    .header.reserved = 0,
    .header.w = 69,
    .header.h = 68,
    .data_size = 620,
    .data = crystal_07_map,
};

#ifndef LV_ATTRIBUTE_IMG_CRYSTAL_08
#define LV_ATTRIBUTE_IMG_CRYSTAL_08
#endif

const LV_ATTRIBUTE_MEM_ALIGN LV_ATTRIBUTE_LARGE_CONST LV_ATTRIBUTE_IMG_CRYSTAL_08 uint8_t
    crystal_08_map[] = {
#if CONFIG_NICE_VIEW_WIDGET_INVERTED
        0x00, 0x00, 0x00, 0xff, /*Color of index 0*/
        0xff, 0xff, 0xff, 0xff, /*Color of index 1*/
#else
        0xff, 0xff, 0xff, 0xff, /*Color of index 0*/
        0x00, 0x00, 0x00, 0xff, /*Color of index 1*/
#endif

        0x00, 0x00, 0x00, 0x00, 0x00, 0x00, 0x00, 0x00, 0x00, 0x00, 0x00, 0x00, 0x00, 0x00, 0x00,
        0x00, 0x00, 0x00, 0x00, 0x00, 0x00, 0x00, 0x00, 0x00, 0x00, 0x00, 0x00, 0x00, 0x00, 0x00,
        0x00, 0x00, 0x00, 0x00, 0x00, 0x00, 0x00, 0x00, 0x00, 0x00, 0x00, 0x00, 0x00, 0x00, 0x00,
        0x00, 0x00, 0x00, 0x00, 0x00, 0x00, 0x00, 0x00, 0x00, 0x00, 0x00, 0x00, 0x00, 0x00, 0x00,
        0x00, 0x00, 0x00, 0x00, 0x00, 0x00, 0x00, 0x01, 0x00, 0x00, 0x00, 0x00, 0x00, 0x00, 0x00,
        0x00, 0x02, 0x00, 0x00, 0x00, 0x00, 0x00, 0x00, 0x00, 0x00, 0x02, 0x00, 0x00, 0x00, 0x00,
        0x00, 0x00, 0x00, 0x00, 0x00, 0x00, 0x00, 0x00, 0x00, 0x00, 0x00, 0x00, 0x00, 0x00, 0x00,
        0x00, 0x00, 0x00, 0x00, 0x00, 0x00, 0x00, 0x00, 0x00, 0x00, 0x00, 0x00, 0x00, 0x00, 0x00,
        0x00, 0x00, 0x00, 0x00, 0x00, 0x00, 0x00, 0x00, 0x00, 0x00, 0x00, 0x00, 0x00, 0x00, 0x00,
        0x00, 0x00, 0x00, 0x00, 0x00, 0x00, 0x00, 0x00, 0x00, 0x00, 0x00, 0x00, 0x00, 0x00, 0x00,
        0x00, 0x00, 0x00, 0x00, 0x00, 0x00, 0x00, 0x00, 0x00, 0x00, 0x00, 0x00, 0x00, 0x00, 0x00,
        0x00, 0x00, 0x00, 0x00, 0x00, 0x00, 0x00, 0x00, 0x00, 0x03, 0x00, 0x00, 0x00, 0x00, 0x00,
        0x00, 0x00, 0x00, 0x0f, 0xc0, 0x00, 0x00, 0x00, 0x00, 0x00, 0x00, 0x00, 0x33, 0xf0, 0x00,
        0x00, 0x00, 0x00, 0x00, 0x00, 0x00, 0xc1, 0x8c, 0x00, 0x00, 0x00, 0x00, 0x00, 0x00, 0x03,
        0x01, 0x13, 0x00, 0x00, 0x00, 0x00, 0x00, 0x00, 0x0c, 0x01, 0x00, 0xc0, 0x00, 0x00, 0x00,
        0x00, 0x00, 0x30, 0x00, 0x44, 0x70, 0x00, 0x00, 0x00, 0x00, 0x00, 0xc0, 0x00, 0x00, 0x0c,
        0x00, 0x00, 0x00, 0x00, 0x03, 0x00, 0x01, 0x11, 0x13, 0x00, 0x00, 0x00, 0x00, 0x0c, 0x00,
        0x01, 0x00, 0x00, 0xc0, 0x00, 0x00, 0x00, 0x30, 0x00, 0x01, 0x44, 0x44, 0x70, 0x00, 0x00,
        0x00, 0xc0, 0x00, 0x01, 0x00, 0x40, 0x0c, 0x00, 0x00, 0x03, 0x00, 0x00, 0x01, 0x11, 0x51,
        0x13, 0x80, 0x00, 0x0c, 0x00, 0x00, 0x03, 0x00, 0x40, 0x00, 0xe0, 0x00, 0x7f, 0xff, 0xff,
        0xff, 0xff, 0xff, 0xff, 0xf8, 0x00, 0x70, 0x00, 0x00, 0x01, 0x00, 0x40, 0x00, 0x38, 0x00,
        0x0c, 0x00, 0x00, 0x00, 0x00, 0x40, 0x00, 0xe0, 0x00, 0x03, 0x00, 0x00, 0x00, 0x00, 0x40,
        0x03, 0x80, 0x00, 0x00, 0xc0, 0x00, 0x00, 0x00, 0x40, 0x0c, 0x00, 0x00, 0x00, 0x30, 0x00,
        0x00, 0x00, 0x40, 0x30, 0x00, 0x00, 0x00, 0x0c, 0x00, 0x00, 0x00, 0x40, 0xc0, 0x00, 0x00,
        0x00, 0x03, 0x00, 0x00, 0x00, 0x43, 0x00, 0x00, 0x00, 0x00, 0x00, 0xc0, 0x00, 0x00, 0xcc,
        0x00, 0x00, 0x00, 0x00, 0x00, 0x30, 0x00, 0x00, 0xf0, 0x02, 0x00, 0x00, 0x00, 0x00, 0x0c,
        0x00, 0x00, 0xc0, 0x00, 0x00, 0x00, 0x00, 0x00, 0x03, 0x00, 0x03, 0x80, 0x00, 0x00, 0x00,
        0x00, 0x00, 0x00, 0xc0, 0x0c, 0x80, 0x00, 0x00, 0x00, 0x00, 0x00, 0x00, 0x30, 0x30, 0x80,
        0x00, 0x00, 0x00, 0x00, 0x00, 0x00, 0x0c, 0xc0, 0x80, 0x00, 0x00, 0x00, 0x00, 0x00, 0x00,
        0x03, 0x00, 0x80, 0x00, 0x00, 0x00, 0x00, 0x00, 0x00, 0x00, 0x00, 0x80, 0x00, 0x00, 0x00,
        0x00, 0x00, 0x00, 0x00, 0x00, 0x80, 0x00, 0x00, 0x00, 0x00, 0x00, 0x00, 0x00, 0x01, 0x80,
        0x00, 0x00, 0x00, 0x00, 0x00, 0x00, 0x00, 0x01, 0x80, 0x00, 0x00, 0x00, 0x00, 0x00, 0x00,
        0x00, 0x01, 0x00, 0x00, 0x00, 0x00, 0x00, 0x00, 0x00, 0x00, 0x03, 0x00, 0x00, 0x00, 0x00,
        0x00, 0x00, 0x00, 0x00, 0x02, 0x00, 0x00, 0x00, 0x00, 0x00, 0x00, 0x00, 0x00, 0x04, 0x00,
        0x00, 0x00, 0x00, 0x00, 0x00, 0x00, 0x00, 0x00, 0x00, 0x00, 0x00, 0x00, 0x00, 0x00, 0x00,
        0x00, 0x02, 0x00, 0x00, 0x00, 0x00, 0x00, 0x00, 0x00, 0x00, 0x0c, 0x00, 0x00, 0x00, 0x00,
        0x00, 0x00, 0x00, 0x00, 0x18, 0x00, 0x00, 0x00, 0x00, 0x00, 0x00, 0x00, 0x00, 0x00, 0x00,
        0x00, 0x00, 0x00, 0x00, 0x00, 0x00, 0x00, 0x00, 0x00, 0x00, 0x00, 0x00, 0x00, 0x00, 0x00,
        0x00, 0x00, 0x00, 0x00, 0x00, 0x00, 0x00, 0x00, 0x00, 0x00, 0x00, 0x00, 0x00, 0x00, 0x00,
        0x00, 0x00, 0x00, 0x00, 0x00, 0x00, 0x00, 0x00, 0x00, 0x00, 0x00, 0x00, 0x00, 0x00, 0x00,
        0x00, 0x00, 0x00, 0x00, 0x00, 0x00, 0x00, 0x00, 0x00, 0x00, 0x00, 0x00,
};

const lv_img_dsc_t crystal_08 = {
    .header.cf = LV_IMG_CF_INDEXED_1BIT,
    .header.always_zero = 0,
    .header.reserved = 0,
    .header.w = 69,
    .header.h = 68,
    .data_size = 620,
    .data = crystal_08_map,
};

#ifndef LV_ATTRIBUTE_IMG_CRYSTAL_09
#define LV_ATTRIBUTE_IMG_CRYSTAL_09
#endif

const LV_ATTRIBUTE_MEM_ALIGN LV_ATTRIBUTE_LARGE_CONST LV_ATTRIBUTE_IMG_CRYSTAL_09 uint8_t
    crystal_09_map[] = {
#if CONFIG_NICE_VIEW_WIDGET_INVERTED
        0x00, 0x00, 0x00, 0xff, /*Color of index 0*/
        0xff, 0xff, 0xff, 0xff, /*Color of index 1*/
#else
        0xff, 0xff, 0xff, 0xff, /*Color of index 0*/
        0x00, 0x00, 0x00, 0xff, /*Color of index 1*/
#endif

        0x00, 0x00, 0x00, 0x00, 0x00, 0x00, 0x00, 0x00, 0x00, 0x00, 0x00, 0x00, 0x00, 0x00, 0x00,
        0x00, 0x00, 0x00, 0x00, 0x00, 0x00, 0x00, 0x00, 0x00, 0x00, 0x00, 0x00, 0x00, 0x00, 0x00,
        0x00, 0x00, 0x00, 0x00, 0x00, 0x00, 0x00, 0x00, 0x00, 0x00, 0x00, 0x00, 0x00, 0x00, 0x00,
        0x00, 0x00, 0x00, 0x00, 0x00, 0x00, 0x00, 0x00, 0x00, 0x00, 0x00, 0x00, 0x00, 0x00, 0x00,
        0x00, 0x00, 0x00, 0x00, 0x00, 0x00, 0x00, 0x02, 0x00, 0x00, 0x00, 0x00, 0x00, 0x00, 0x00,
        0x00, 0x04, 0x00, 0x00, 0x00, 0x00, 0x00, 0x00, 0x00, 0x00, 0x00, 0x00, 0x00, 0x00, 0x00,
        0x00, 0x00, 0x00, 0x00, 0x00, 0x00, 0x00, 0x00, 0x00, 0x00, 0x00, 0x00, 0x00, 0x00, 0x00,
        0x00, 0x00, 0x00, 0x00, 0x00, 0x00, 0x00, 0x00, 0x00, 0x00, 0x00, 0x00, 0x00, 0x00, 0x00,
        0x00, 0x00, 0x00, 0x00, 0x00, 0x00, 0x00, 0x00, 0x00, 0x00, 0x00, 0x00, 0x00, 0x00, 0x00,
        0x00, 0x00, 0x00, 0x00, 0x00, 0x00, 0x00, 0x00, 0x00, 0x00, 0x00, 0x00, 0x00, 0x00, 0x00,
        0x00, 0x00, 0x00, 0x00, 0x00, 0x00, 0x00, 0x00, 0x00, 0x00, 0x00, 0x00, 0x00, 0x00, 0x00,
        0x00, 0x00, 0x00, 0x00, 0x00, 0x00, 0x00, 0x00, 0x00, 0x03, 0xc0, 0x00, 0x00, 0x00, 0x00,
        0x00, 0x00, 0x00, 0x0d, 0xf0, 0x00, 0x00, 0x00, 0x00, 0x00, 0x00, 0x00, 0x30, 0xbc, 0x00,
        0x00, 0x00, 0x00, 0x00, 0x00, 0x00, 0xc0, 0xff, 0x00, 0x00, 0x00, 0x00, 0x00, 0x00, 0x03,
        0x00, 0xfe, 0xc0, 0x00, 0x00, 0x00, 0x00, 0x00, 0x0c, 0x00, 0xfd, 0x70, 0x00, 0x00, 0x00,
        0x00, 0x00, 0x30, 0x00, 0xf8, 0x0c, 0x00, 0x00, 0x00, 0x00, 0x00, 0xc0, 0x00, 0xf5, 0x57,
        0x00, 0x00, 0x00, 0x00, 0x03, 0x00, 0x00, 0xe0, 0x00, 0xc0, 0x00, 0x00, 0x00, 0x0c, 0x00,
        0x00, 0xd5, 0x55, 0x70, 0x00, 0x00, 0x00, 0x30, 0x00, 0x00, 0x80, 0x00, 0x0c, 0x00, 0x00,
        0x00, 0xc0, 0x00, 0x7f, 0xff, 0x55, 0x57, 0x00, 0x00, 0x03, 0x00, 0x7f, 0x80, 0x01, 0xfe,
        0x00, 0xc0, 0x00, 0x0c, 0x3f, 0x80, 0x00, 0x00, 0x01, 0xfd, 0x70, 0x00, 0x3f, 0xc0, 0x00,
        0x00, 0x00, 0x00, 0x03, 0xfc, 0x00, 0x30, 0x00, 0x00, 0x00, 0x00, 0x00, 0x00, 0x0c, 0x00,
        0x0c, 0x00, 0x00, 0x00, 0x00, 0x00, 0x00, 0x30, 0x00, 0x03, 0x00, 0x00, 0x00, 0x00, 0x00,
        0x00, 0xc0, 0x00, 0x00, 0xc0, 0x00, 0x00, 0x00, 0x00, 0x03, 0x00, 0x00, 0x00, 0x30, 0x00,
        0x00, 0x00, 0x00, 0x0c, 0x00, 0x00, 0x00, 0x0c, 0x00, 0x00, 0x00, 0x00, 0x30, 0x00, 0x00,
        0x00, 0x03, 0x00, 0x00, 0x00, 0x00, 0xc0, 0x00, 0x00, 0x00, 0x00, 0xc0, 0x00, 0x00, 0x03,
        0x00, 0x00, 0x00, 0x00, 0x00, 0x30, 0x00, 0x00, 0x0c, 0x00, 0x00, 0x00, 0x00, 0x00, 0x0c,
        0x00, 0x00, 0x30, 0x00, 0x00, 0x00, 0x00, 0x00, 0x03, 0x00, 0x00, 0xc0, 0x00, 0x00, 0x00,
        0x00, 0x00, 0x00, 0xc0, 0x03, 0x00, 0x00, 0x00, 0x00, 0x00, 0x00, 0x00, 0x30, 0x0c, 0x00,
        0x00, 0x00, 0x00, 0x00, 0x00, 0x00, 0x0c, 0x30, 0x00, 0x00, 0x00, 0x00, 0x00, 0x00, 0x00,
        0x03, 0xc0, 0x00, 0x00, 0x00, 0x00, 0x00, 0x00, 0x00, 0x02, 0x00, 0x00, 0x00, 0x00, 0x00,
        0x00, 0x00, 0x00, 0x02, 0x00, 0x00, 0x00, 0x00, 0x00, 0x00, 0x00, 0x00, 0x02, 0x00, 0x00,
        0x00, 0x00, 0x00, 0x00, 0x00, 0x00, 0x03, 0x00, 0x00, 0x00, 0x00, 0x00, 0x00, 0x00, 0x00,
        0x03, 0x00, 0x00, 0x00, 0x00, 0x00, 0x00, 0x00, 0x00, 0x01, 0x00, 0x00, 0x00, 0x00, 0x00,
        0x00, 0x00, 0x00, 0x01, 0x00, 0x00, 0x00, 0x00, 0x00, 0x00, 0x00, 0x00, 0x01, 0x80, 0x00,
        0x00, 0x00, 0x00, 0x00, 0x00, 0x00, 0x00, 0xc8, 0x00, 0x00, 0x00, 0x00, 0x00, 0x00, 0x00,
        0x00, 0x70, 0x00, 0x00, 0x00, 0x00, 0x00, 0x00, 0x00, 0x00, 0x00, 0x00, 0x00, 0x00, 0x00,
        0x00, 0x00, 0x00, 0x00, 0x02, 0x00, 0x00, 0x00, 0x00, 0x00, 0x00, 0x00, 0x00, 0x1c, 0x00,
        0x00, 0x00, 0x00, 0x00, 0x00, 0x00, 0x00, 0x78, 0x00, 0x00, 0x00, 0x00, 0x00, 0x00, 0x00,
        0x00, 0x00, 0x00, 0x00, 0x00, 0x00, 0x00, 0x00, 0x00, 0x00, 0x00, 0x00, 0x00, 0x00, 0x00,
        0x00, 0x00, 0x00, 0x00, 0x00, 0x00, 0x00, 0x00, 0x00, 0x00, 0x00, 0x00, 0x00, 0x00, 0x00,
        0x00, 0x00, 0x00, 0x00, 0x00, 0x00, 0x00, 0x00, 0x00, 0x00, 0x00, 0x00,
};

const lv_img_dsc_t crystal_09 = {
    .header.cf = LV_IMG_CF_INDEXED_1BIT,
    .header.always_zero = 0,
    .header.reserved = 0,
    .header.w = 69,
    .header.h = 68,
    .data_size = 620,
    .data = crystal_09_map,
};

#ifndef LV_ATTRIBUTE_IMG_CRYSTAL_10
#define LV_ATTRIBUTE_IMG_CRYSTAL_10
#endif

const LV_ATTRIBUTE_MEM_ALIGN LV_ATTRIBUTE_LARGE_CONST LV_ATTRIBUTE_IMG_CRYSTAL_10 uint8_t
    crystal_10_map[] = {
#if CONFIG_NICE_VIEW_WIDGET_INVERTED
        0x00, 0x00, 0x00, 0xff, /*Color of index 0*/
        0xff, 0xff, 0xff, 0xff, /*Color of index 1*/
#else
        0xff, 0xff, 0xff, 0xff, /*Color of index 0*/
        0x00, 0x00, 0x00, 0xff, /*Color of index 1*/
#endif

        0x00, 0x00, 0x00, 0x00, 0x00, 0x00, 0x00, 0x00, 0x00, 0x00, 0x00, 0x00, 0x00, 0x00, 0x00,
        0x00, 0x00, 0x00, 0x00, 0x00, 0x00, 0x00, 0x00, 0x00, 0x00, 0x00, 0x00, 0x00, 0x00, 0x00,
        0x00, 0x00, 0x00, 0x00, 0x00, 0x00, 0x00, 0x00, 0x00, 0x00, 0x00, 0x00, 0x00, 0x00, 0x00,
        0x00, 0x00, 0x00, 0x00, 0x00, 0x00, 0x00, 0x00, 0x00, 0x00, 0x00, 0x00, 0x00, 0x00, 0x00,
        0x00, 0x00, 0x00, 0x00, 0x00, 0x00, 0x00, 0x08, 0x00, 0x00, 0x00, 0x00, 0x00, 0x00, 0x00,
        0x00, 0x00, 0x00, 0x00, 0x00, 0x00, 0x00, 0x00, 0x00, 0x00, 0x00, 0x00, 0x00, 0x00, 0x00,
        0x00, 0x00, 0x00, 0x00, 0x00, 0x00, 0x00, 0x00, 0x00, 0x00, 0x00, 0x00, 0x20, 0x00, 0x00,
        0x00, 0x00, 0x00, 0x00, 0x00, 0x00, 0x10, 0x00, 0x00, 0x00, 0x00, 0x00, 0x00, 0x00, 0x00,
        0x10, 0x00, 0x00, 0x00, 0x00, 0x00, 0x00, 0x00, 0x00, 0x18, 0x00, 0x00, 0x00, 0x00, 0x00,
        0x00, 0x00, 0x00, 0x08, 0x00, 0x00, 0x00, 0x00, 0x00, 0x00, 0x00, 0x00, 0x08, 0x00, 0x00,
        0x00, 0x00, 0x00, 0x00, 0x00, 0x00, 0x08, 0x00, 0x00, 0x00, 0x00, 0x00, 0x00, 0x00, 0x00,
        0x0b, 0xc0, 0x00, 0x00, 0x00, 0x00, 0x00, 0x00, 0x00, 0x0d, 0xb0, 0x00, 0x00, 0x00, 0x00,
        0x00, 0x00, 0x00, 0x30, 0xdc, 0x00, 0x00, 0x00, 0x00, 0x00, 0x00, 0x00, 0xc0, 0x83, 0x00,
        0x00, 0x00, 0x00, 0x00, 0x00, 0x03, 0x00, 0x55, 0xc0, 0x00, 0x00, 0x00, 0x00, 0x00, 0x0c,
        0x00, 0x00, 0x30, 0x00, 0x00, 0x00, 0x00, 0x00, 0x30, 0x00, 0x55, 0x7c, 0x00, 0x00, 0x00,
        0x00, 0x00, 0x40, 0x00, 0x00, 0xfe, 0x00, 0x00, 0x00, 0x00, 0x01, 0x80, 0x00, 0x55, 0xff,
        0x80, 0x00, 0x00, 0x00, 0x06, 0x00, 0x00, 0x03, 0xff, 0xe0, 0x00, 0x00, 0x00, 0x18, 0x00,
        0x1f, 0xff, 0xff, 0x58, 0x00, 0x00, 0x00, 0x60, 0x03, 0xe0, 0x07, 0xfe, 0x06, 0x00, 0x00,
        0x01, 0x80, 0x7c, 0x00, 0x00, 0x3f, 0x55, 0x80, 0x00, 0x06, 0x0f, 0x80, 0x00, 0x00, 0x01,
        0xf0, 0x60, 0x00, 0x19, 0xf0, 0x00, 0x00, 0x00, 0x00, 0x0f, 0x98, 0x00, 0x3e, 0x00, 0x00,
        0x00, 0x00, 0x00, 0x00, 0x7c, 0x00, 0x3c, 0x00, 0x00, 0x00, 0x00, 0x00, 0x00, 0x3c, 0x00,
        0x1f, 0x00, 0x00, 0x00, 0x00, 0x00, 0x00, 0xf8, 0x00, 0x07, 0xc0, 0x00, 0x00, 0x00, 0x00,
        0x03, 0xe0, 0x00, 0x01, 0xf0, 0x00, 0x00, 0x00, 0x00, 0x0f, 0x80, 0x00, 0x00, 0x7c, 0x00,
        0x00, 0x00, 0x00, 0x3e, 0x00, 0x00, 0x00, 0x1f, 0x00, 0x00, 0x00, 0x00, 0xf8, 0x00, 0x00,
        0x00, 0x07, 0xc0, 0x00, 0x00, 0x03, 0x60, 0x00, 0x00, 0x00, 0x01, 0xf0, 0x00, 0x00, 0x0d,
        0x80, 0x00, 0x00, 0x00, 0x00, 0x7c, 0x00, 0x00, 0x32, 0x00, 0x00, 0x00, 0x00, 0x00, 0x3f,
        0x00, 0x00, 0xcc, 0x00, 0x00, 0x00, 0x00, 0x00, 0x0f, 0xc0, 0x03, 0x30, 0x00, 0x00, 0x00,
        0x00, 0x00, 0x03, 0xf0, 0x0c, 0xc0, 0x00, 0x00, 0x00, 0x00, 0x00, 0x00, 0xfc, 0x33, 0x00,
        0x00, 0x00, 0x00, 0x00, 0x00, 0x00, 0x3f, 0xcc, 0x00, 0x00, 0x00, 0x00, 0x00, 0x00, 0x00,
        0x0f, 0x30, 0x00, 0x00, 0x00, 0x00, 0x00, 0x00, 0x00, 0x03, 0xc0, 0x00, 0x00, 0x00, 0x00,
        0x00, 0x00, 0x00, 0x00, 0x00, 0x00, 0x00, 0x00, 0x00, 0x00, 0x00, 0x00, 0x00, 0x00, 0x00,
        0x00, 0x00, 0x00, 0x00, 0x00, 0x00, 0x00, 0x00, 0x00, 0x00, 0x00, 0x00, 0x00, 0x00, 0x00,
        0x00, 0x00, 0x00, 0x00, 0x00, 0x00, 0x00, 0x00, 0x00, 0x00, 0x00, 0x00, 0x00, 0x00, 0x00,
        0x00, 0x00, 0x00, 0x00, 0x00, 0x00, 0x00, 0x00, 0x00, 0x00, 0x00, 0x00, 0x00, 0x00, 0x00,
        0x00, 0x00, 0x00, 0x00, 0x00, 0x00, 0x00, 0x00, 0x00, 0x00, 0x00, 0x00, 0x00, 0x00, 0x00,
        0x00, 0x00, 0x00, 0x00, 0x00, 0x00, 0x00, 0x00, 0x00, 0x00, 0x00, 0x00, 0x00, 0x00, 0x00,
        0x00, 0x00, 0x00, 0x00, 0x00, 0x00, 0x00, 0x00, 0x00, 0x00, 0x00, 0x00, 0x00, 0x00, 0x00,
        0x00, 0x00, 0x00, 0x00, 0x00, 0x00, 0x00, 0x04, 0x00, 0x00, 0x00, 0x00, 0x00, 0x00, 0x00,
        0x00, 0x38, 0x00, 0x00, 0x00, 0x00, 0x00, 0x00, 0x00, 0x00, 0x00, 0x00, 0x00, 0x00, 0x00,
        0x00, 0x00, 0x00, 0x00, 0x00, 0x00, 0x00, 0x00, 0x00, 0x00, 0x00, 0x00, 0x00, 0x00, 0x00,
        0x00, 0x00, 0x00, 0x00, 0x00, 0x00, 0x00, 0x00, 0x00, 0x00, 0x00, 0x00,
};

const lv_img_dsc_t crystal_10 = {
    .header.cf = LV_IMG_CF_INDEXED_1BIT,
    .header.always_zero = 0,
    .header.reserved = 0,
    .header.w = 69,
    .header.h = 68,
    .data_size = 620,
    .data = crystal_10_map,
};

#ifndef LV_ATTRIBUTE_IMG_CRYSTAL_11
#define LV_ATTRIBUTE_IMG_CRYSTAL_11
#endif

const LV_ATTRIBUTE_MEM_ALIGN LV_ATTRIBUTE_LARGE_CONST LV_ATTRIBUTE_IMG_CRYSTAL_11 uint8_t
    crystal_11_map[] = {
#if CONFIG_NICE_VIEW_WIDGET_INVERTED
        0x00, 0x00, 0x00, 0xff, /*Color of index 0*/
        0xff, 0xff, 0xff, 0xff, /*Color of index 1*/
#else
        0xff, 0xff, 0xff, 0xff, /*Color of index 0*/
        0x00, 0x00, 0x00, 0xff, /*Color of index 1*/
#endif

        0x00, 0x00, 0x00, 0x00, 0x00, 0x00, 0x00, 0x00, 0x00, 0x00, 0x00, 0x00, 0x00, 0x00, 0x00,
        0x00, 0x00, 0x00, 0x00, 0x00, 0x00, 0x00, 0x00, 0x00, 0x00, 0x00, 0x00, 0x00, 0x00, 0x00,
        0x00, 0x00, 0x00, 0x00, 0x00, 0x00, 0x00, 0x00, 0x00, 0x00, 0x00, 0x00, 0x00, 0x00, 0x00,
        0x00, 0x00, 0x00, 0x00, 0x00, 0x00, 0x00, 0x00, 0x00, 0x00, 0x00, 0x06, 0x00, 0x00, 0x00,
        0x00, 0x00, 0x00, 0x00, 0x00, 0x08, 0x00, 0x10, 0x00, 0x00, 0x00, 0x00, 0x00, 0x00, 0x03,
        0x80, 0x00, 0x00, 0x00, 0x00, 0x00, 0x00, 0x00, 0x06, 0xc0, 0x00, 0x00, 0x00, 0x00, 0x00,
        0x00, 0x00, 0x04, 0x40, 0x00, 0x00, 0x00, 0x00, 0x00, 0x00, 0x00, 0x04, 0x00, 0x00, 0x00,
        0x00, 0x00, 0x00, 0x00, 0x00, 0x04, 0x00, 0x00, 0x00, 0x00, 0x00, 0x00, 0x00, 0x00, 0x04,
        0x00, 0x00, 0x00, 0x00, 0x00, 0x00, 0x00, 0x00, 0x08, 0x00, 0x00, 0x00, 0x00, 0x00, 0x00,
        0x00, 0x00, 0x08, 0x00, 0x00, 0x00, 0x00, 0x00, 0x00, 0x00, 0x00, 0x08, 0x00, 0x00, 0x00,
        0x00, 0x00, 0x00, 0x00, 0x00, 0x00, 0x01, 0x80, 0x00, 0x00, 0x00, 0x00, 0x00, 0x00, 0x00,
        0x06, 0xe0, 0x00, 0x00, 0x00, 0x00, 0x00, 0x00, 0x00, 0x18, 0xb8, 0x00, 0x00, 0x00, 0x00,
        0x00, 0x00, 0x00, 0x60, 0x56, 0x00, 0x00, 0x00, 0x00, 0x00, 0x00, 0x00, 0x80, 0xab, 0x00,
        0x00, 0x00, 0x00, 0x00, 0x00, 0x03, 0x00, 0x55, 0xc0, 0x00, 0x00, 0x00, 0x00, 0x00, 0x0c,
        0x00, 0xaa, 0xb0, 0x00, 0x00, 0x00, 0x00, 0x00, 0x30, 0x00, 0x55, 0x5c, 0x00, 0x00, 0x00,
        0x00, 0x00, 0x40, 0x00, 0xaa, 0xaa, 0x00, 0x00, 0x00, 0x00, 0x01, 0x80, 0x07, 0xf5, 0x55,
        0x80, 0x00, 0x00, 0x00, 0x06, 0x00, 0x78, 0x1e, 0xaa, 0xe0, 0x00, 0x00, 0x00, 0x18, 0x07,
        0x80, 0x01, 0xf5, 0xf8, 0x00, 0x00, 0x00, 0x20, 0x78, 0x00, 0x00, 0x1f, 0xfc, 0x00, 0x00,
        0x00, 0xc3, 0x80, 0x00, 0x00, 0x01, 0xff, 0x00, 0x00, 0x07, 0x3c, 0x00, 0x00, 0x00, 0x00,
        0x3f, 0xe0, 0x00, 0x1f, 0xc0, 0x00, 0x00, 0x00, 0x00, 0x03, 0xf8, 0x00, 0x3c, 0x00, 0x00,
        0x00, 0x00, 0x00, 0x00, 0x3c, 0x00, 0x3c, 0x00, 0x00, 0x00, 0x00, 0x00, 0x00, 0x3c, 0x00,
        0x1f, 0x00, 0x00, 0x00, 0x00, 0x00, 0x00, 0xf8, 0x00, 0x07, 0xe0, 0x00, 0x00, 0x00, 0x00,
        0x07, 0xe0, 0x00, 0x00, 0xf8, 0x00, 0x00, 0x00, 0x00, 0x1f, 0x00, 0x00, 0x00, 0x37, 0x00,
        0x00, 0x00, 0x00, 0xec, 0x00, 0x00, 0x00, 0x1a, 0xc0, 0x00, 0x00, 0x03, 0x18, 0x00, 0x00,
        0x00, 0x07, 0x70, 0x00, 0x00, 0x0c, 0x60, 0x00, 0x00, 0x00, 0x01, 0xae, 0x00, 0x00, 0x71,
        0x80, 0x00, 0x00, 0x00, 0x00, 0x55, 0x80, 0x01, 0x82, 0x00, 0x00, 0x00, 0x00, 0x00, 0x3a,
        0xf0, 0x0e, 0x0c, 0x00, 0x00, 0x00, 0x00, 0x00, 0x0d, 0x5c, 0x30, 0x30, 0x00, 0x00, 0x00,
        0x00, 0x00, 0x03, 0xab, 0xc0, 0xc0, 0x00, 0x00, 0x00, 0x00, 0x00, 0x00, 0xd7, 0x01, 0x00,
        0x00, 0x00, 0x00, 0x00, 0x00, 0x00, 0x6f, 0x06, 0x00, 0x00, 0x00, 0x00, 0x00, 0x00, 0x00,
        0x1f, 0x18, 0x00, 0x00, 0x00, 0x00, 0x00, 0x00, 0x00, 0x07, 0x60, 0x00, 0x00, 0x00, 0x00,
        0x00, 0x00, 0x00, 0x01, 0x80, 0x00, 0x00, 0x00, 0x00, 0x00, 0x00, 0x00, 0x00, 0x00, 0x00,
        0x00, 0x00, 0x00, 0x00, 0x00, 0x00, 0x00, 0x00, 0x00, 0x00, 0x00, 0x00, 0x00, 0x00, 0x00,
        0x00, 0x00, 0x00, 0x00, 0x00, 0x00, 0x00, 0x00, 0x00, 0x00, 0x00, 0x00, 0x00, 0x00, 0x00,
        0x00, 0x00, 0x00, 0x00, 0x00, 0x00, 0x00, 0x00, 0x00, 0x00, 0x00, 0x00, 0x00, 0x00, 0x00,
        0x00, 0x00, 0x00, 0x00, 0x00, 0x00, 0x00, 0x00, 0x00, 0x00, 0x00, 0x00, 0x00, 0x00, 0x00,
        0x00, 0x00, 0x00, 0x00, 0x00, 0x00, 0x00, 0x00, 0x00, 0x00, 0x00, 0x00, 0x00, 0x00, 0x00,
        0x00, 0x00, 0x00, 0x00, 0x00, 0x00, 0x00, 0x00, 0x00, 0x00, 0x00, 0x00, 0x00, 0x00, 0x00,
        0x00, 0x00, 0x00, 0x00, 0x00, 0x00, 0x00, 0x00, 0x00, 0x00, 0x00, 0x00, 0x00, 0x00, 0x00,
        0x00, 0x00, 0x00, 0x00, 0x00, 0x00, 0x00, 0x00, 0x00, 0x00, 0x30, 0x00, 0x00, 0x00, 0x00,
        0x00, 0x00, 0x00, 0x00, 0x00, 0x00, 0x00, 0x00, 0x00, 0x00, 0x00, 0x00, 0x00, 0x00, 0x00,
        0x00, 0x00, 0x00, 0x00, 0x00, 0x00, 0x00, 0x00, 0x00, 0x00, 0x00, 0x00,
};

const lv_img_dsc_t crystal_11 = {
    .header.cf = LV_IMG_CF_INDEXED_1BIT,
    .header.always_zero = 0,
    .header.reserved = 0,
    .header.w = 69,
    .header.h = 68,
    .data_size = 620,
    .data = crystal_11_map,
};

#ifndef LV_ATTRIBUTE_IMG_CRYSTAL_12
#define LV_ATTRIBUTE_IMG_CRYSTAL_12
#endif

const LV_ATTRIBUTE_MEM_ALIGN LV_ATTRIBUTE_LARGE_CONST LV_ATTRIBUTE_IMG_CRYSTAL_12 uint8_t
    crystal_12_map[] = {
#if CONFIG_NICE_VIEW_WIDGET_INVERTED
        0x00, 0x00, 0x00, 0xff, /*Color of index 0*/
        0xff, 0xff, 0xff, 0xff, /*Color of index 1*/
#else
        0xff, 0xff, 0xff, 0xff, /*Color of index 0*/
        0x00, 0x00, 0x00, 0xff, /*Color of index 1*/
#endif

        0x00, 0x00, 0x00, 0x00, 0x00, 0x00, 0x00, 0x00, 0x00, 0x00, 0x00, 0x00, 0x00, 0x00, 0x00,
        0x00, 0x00, 0x00, 0x00, 0x00, 0x00, 0x00, 0x00, 0x00, 0x00, 0x00, 0x00, 0x00, 0x00, 0x00,
        0x00, 0x00, 0x00, 0x00, 0x00, 0x00, 0x00, 0x00, 0x00, 0x00, 0x00, 0x00, 0x00, 0x00, 0x00,
        0x00, 0x00, 0x0c, 0x00, 0x00, 0x00, 0x00, 0x00, 0x00, 0x00, 0x00, 0x10, 0x00, 0x00, 0x00,
        0x00, 0x00, 0x00, 0x00, 0x00, 0x00, 0x00, 0x00, 0x00, 0x00, 0x00, 0x00, 0x00, 0x00, 0x00,
        0x00, 0x20, 0x00, 0x00, 0x00, 0x00, 0x00, 0x00, 0x00, 0x00, 0x00, 0x00, 0x00, 0x00, 0x00,
        0x00, 0x00, 0x00, 0x00, 0x00, 0x00, 0x00, 0x00, 0x00, 0x00, 0x00, 0x00, 0x00, 0x00, 0x00,
        0x00, 0x00, 0x00, 0x00, 0x00, 0x00, 0x00, 0x00, 0x00, 0x00, 0x00, 0x00, 0x00, 0x00, 0x00,
        0x00, 0x00, 0x00, 0x00, 0x00, 0x00, 0x00, 0x00, 0x00, 0x00, 0x00, 0x00, 0x00, 0x00, 0x00,
        0x00, 0x00, 0x00, 0x00, 0x00, 0x00, 0x00, 0x00, 0x00, 0x00, 0x00, 0x00, 0x03, 0xc0, 0x00,
        0x00, 0x00, 0x00, 0x00, 0x00, 0x00, 0x0c, 0xb0, 0x00, 0x00, 0x00, 0x00, 0x00, 0x00, 0x10,
        0x10, 0x58, 0x00, 0x00, 0x00, 0x00, 0x00, 0x00, 0x10, 0x60, 0xae, 0x00, 0x00, 0x00, 0x00,
        0x00, 0x00, 0x11, 0x80, 0x55, 0x80, 0x00, 0x00, 0x00, 0x00, 0x00, 0x12, 0x00, 0xaa, 0xc0,
        0x00, 0x00, 0x00, 0x00, 0x00, 0x1c, 0x00, 0x55, 0x70, 0x00, 0x00, 0x00, 0x00, 0x00, 0x30,
        0x00, 0xaa, 0xac, 0x00, 0x00, 0x00, 0x00, 0x00, 0x60, 0x03, 0xd5, 0x56, 0x00, 0x00, 0x00,
        0x00, 0x01, 0xa0, 0x1c, 0x3a, 0xab, 0x80, 0x00, 0x00, 0x00, 0x06, 0x20, 0xe0, 0x07, 0x55,
        0x60, 0x00, 0x00, 0x00, 0x08, 0x27, 0x00, 0x00, 0xea, 0xb0, 0x00, 0x00, 0x00, 0x30, 0x38,
        0x00, 0x00, 0x1d, 0x5c, 0x00, 0x00, 0x00, 0xc1, 0xc0, 0x00, 0x00, 0x03, 0xab, 0x00, 0x00,
        0x01, 0x0e, 0x40, 0x00, 0x00, 0x00, 0x75, 0x80, 0x00, 0x06, 0x70, 0x40, 0x00, 0x00, 0x00,
        0x0e, 0xe0, 0x00, 0x1b, 0x80, 0x00, 0x00, 0x00, 0x00, 0x01, 0xf8, 0x00, 0x3c, 0x00, 0x00,
        0x00, 0x00, 0x00, 0x00, 0x3c, 0x00, 0x3c, 0x00, 0x00, 0x00, 0x00, 0x00, 0x00, 0x3c, 0x00,
        0x1b, 0x80, 0x00, 0x00, 0x00, 0x00, 0x01, 0xd8, 0x00, 0x06, 0x70, 0x00, 0x00, 0x00, 0x00,
        0x0e, 0x60, 0x00, 0x01, 0xae, 0x00, 0x00, 0x00, 0x00, 0x71, 0x80, 0x00, 0x00, 0xc1, 0xc0,
        0x00, 0x00, 0x03, 0x87, 0x00, 0x00, 0x00, 0x3a, 0xb8, 0x00, 0x00, 0x1c, 0x0c, 0x00, 0x00,
        0x00, 0x08, 0x07, 0x00, 0x00, 0xe0, 0x30, 0x00, 0x00, 0x00, 0x06, 0xaa, 0xe0, 0x07, 0x00,
        0x60, 0x00, 0x00, 0x00, 0x01, 0x81, 0xfc, 0x38, 0x01, 0x80, 0x00, 0x00, 0x00, 0x00, 0x6b,
        0xfb, 0xc0, 0x02, 0x00, 0x00, 0x00, 0x00, 0x00, 0x37, 0xfc, 0x00, 0x0c, 0x00, 0x00, 0x00,
        0x00, 0x00, 0x0f, 0xfa, 0x00, 0x30, 0x00, 0x00, 0x00, 0x00, 0x00, 0x03, 0xf0, 0x00, 0x40,
        0x00, 0x00, 0x00, 0x00, 0x00, 0x01, 0xea, 0x01, 0x80, 0x00, 0x00, 0x00, 0x00, 0x00, 0x00,
        0x60, 0x06, 0x00, 0x00, 0x00, 0x00, 0x00, 0x00, 0x00, 0x1a, 0x88, 0x00, 0x00, 0x00, 0x00,
        0x00, 0x00, 0x00, 0x0c, 0xf0, 0x00, 0x00, 0x00, 0x00, 0x00, 0x00, 0x00, 0x03, 0xc0, 0x00,
        0x00, 0x00, 0x00, 0x00, 0x00, 0x00, 0x00, 0x00, 0x00, 0x00, 0x00, 0x00, 0x00, 0x00, 0x00,
        0x00, 0x00, 0x00, 0x00, 0x00, 0x00, 0x00, 0x00, 0x00, 0x00, 0x00, 0x00, 0x00, 0x00, 0x00,
        0x00, 0x00, 0x00, 0x00, 0x00, 0x00, 0x00, 0x00, 0x00, 0x00, 0x00, 0x00, 0x00, 0x00, 0x00,
        0x00, 0x00, 0x00, 0x00, 0x00, 0x00, 0x00, 0x00, 0x00, 0x00, 0x00, 0x00, 0x00, 0x00, 0x00,
        0x00, 0x00, 0x00, 0x00, 0x00, 0x00, 0x00, 0x00, 0x00, 0x00, 0x00, 0x00, 0x00, 0x00, 0x00,
        0x00, 0x00, 0x00, 0x00, 0x00, 0x00, 0x00, 0x00, 0x00, 0x00, 0x00, 0x00, 0x00, 0x00, 0x00,
        0x00, 0x00, 0x00, 0x00, 0x00, 0x00, 0x00, 0x00, 0x00, 0x00, 0x00, 0x00, 0x00, 0x00, 0x00,
        0x00, 0x00, 0x00, 0x00, 0x00, 0x00, 0x00, 0x00, 0x00, 0x00, 0x00, 0x00, 0x00, 0x00, 0x00,
        0x00, 0x00, 0x00, 0x00, 0x20, 0x00, 0x00, 0x00, 0x00, 0x00, 0x00, 0x00, 0x00, 0x00, 0x00,
        0x00, 0x00, 0x00, 0x00, 0x00, 0x00, 0x00, 0x00, 0x00, 0x00, 0x00, 0x00,
};

const lv_img_dsc_t crystal_12 = {
    .header.cf = LV_IMG_CF_INDEXED_1BIT,
    .header.always_zero = 0,
    .header.reserved = 0,
    .header.w = 69,
    .header.h = 68,
    .data_size = 620,
    .data = crystal_12_map,
};

#ifndef LV_ATTRIBUTE_IMG_CRYSTAL_13
#define LV_ATTRIBUTE_IMG_CRYSTAL_13
#endif

const LV_ATTRIBUTE_MEM_ALIGN LV_ATTRIBUTE_LARGE_CONST LV_ATTRIBUTE_IMG_CRYSTAL_13 uint8_t
    crystal_13_map[] = {
#if CONFIG_NICE_VIEW_WIDGET_INVERTED
        0x00, 0x00, 0x00, 0xff, /*Color of index 0*/
        0xff, 0xff, 0xff, 0xff, /*Color of index 1*/
#else
        0xff, 0xff, 0xff, 0xff, /*Color of index 0*/
        0x00, 0x00, 0x00, 0xff, /*Color of index 1*/
#endif

        0x00, 0x00, 0x00, 0x00, 0x00, 0x00, 0x00, 0x00, 0x00, 0x00, 0x00, 0x00, 0x00, 0x00, 0x00,
        0x00, 0x00, 0x00, 0x00, 0x00, 0x00, 0x00, 0x00, 0x00, 0x00, 0x00, 0x00, 0x00, 0x00, 0x00,
        0x00, 0x00, 0x00, 0x00, 0x00, 0x00, 0x00, 0x00, 0x18, 0x00, 0x00, 0x00, 0x00, 0x00, 0x00,
        0x00, 0x00, 0x00, 0x00, 0x00, 0x00, 0x00, 0x00, 0x00, 0x00, 0x00, 0x00, 0x00, 0x00, 0x00,
        0x00, 0x00, 0x00, 0x00, 0x00, 0x00, 0x00, 0x00, 0x00, 0x00, 0x00, 0x00, 0x00, 0x00, 0x00,
        0x00, 0x00, 0x00, 0x00, 0x00, 0x00, 0x00, 0x00, 0x00, 0x00, 0x00, 0x00, 0x00, 0x00, 0x00,
        0x00, 0x00, 0x00, 0x00, 0x00, 0x00, 0x00, 0x00, 0x00, 0x00, 0x00, 0x00, 0x00, 0x00, 0x00,
        0x00, 0x00, 0x00, 0x00, 0x00, 0x00, 0x00, 0x00, 0x00, 0x00, 0x00, 0x00, 0x00, 0x00, 0x00,
        0x00, 0x00, 0x00, 0x00, 0x00, 0x00, 0x00, 0x00, 0x00, 0x00, 0x00, 0x00, 0x00, 0x00, 0x00,
        0x00, 0x00, 0x00, 0x00, 0x00, 0x00, 0x00, 0x00, 0x00, 0x00, 0x00, 0x00, 0x01, 0x80, 0x00,
        0x00, 0x00, 0x00, 0x00, 0x00, 0x00, 0x06, 0xe0, 0x00, 0x00, 0x00, 0x00, 0x00, 0x00, 0x00,
        0x18, 0xf8, 0x00, 0x00, 0x00, 0x00, 0x00, 0x00, 0x00, 0x28, 0xfc, 0x00, 0x00, 0x00, 0x00,
        0x00, 0x00, 0x00, 0xc0, 0xff, 0x00, 0x00, 0x00, 0x00, 0x00, 0x00, 0x03, 0x22, 0xff, 0xc0,
        0x00, 0x00, 0x00, 0x00, 0x00, 0x04, 0x07, 0xff, 0xe0, 0x00, 0x00, 0x00, 0x00, 0x00, 0x18,
        0x98, 0x1f, 0xf8, 0x00, 0x00, 0x00, 0x00, 0x00, 0x60, 0xe0, 0x07, 0xfe, 0x00, 0x00, 0x00,
        0x00, 0x00, 0xa3, 0x00, 0x00, 0xff, 0x00, 0x00, 0x00, 0x00, 0x03, 0x1c, 0x00, 0x00, 0x3f,
        0xc0, 0x00, 0x00, 0x00, 0x0c, 0xe0, 0x00, 0x00, 0x07, 0xf0, 0x00, 0x00, 0x00, 0x11, 0x80,
        0x00, 0x00, 0x01, 0xf8, 0x00, 0x00, 0x00, 0x6e, 0x00, 0x00, 0x00, 0x00, 0x7e, 0x00, 0x00,
        0x01, 0xb0, 0x40, 0x00, 0x00, 0x00, 0x0f, 0x80, 0x00, 0x07, 0xc0, 0x40, 0x00, 0x00, 0x00,
        0x03, 0xe0, 0x00, 0x1e, 0x00, 0x40, 0x00, 0x00, 0x00, 0x00, 0x78, 0x00, 0x38, 0x00, 0x40,
        0x00, 0x00, 0x00, 0x00, 0x1c, 0x00, 0x3c, 0x00, 0x40, 0x00, 0x00, 0x00, 0x00, 0x3c, 0x00,
        0x1f, 0xc0, 0x80, 0x00, 0x00, 0x00, 0x03, 0xf8, 0x00, 0x06, 0x3c, 0x80, 0x00, 0x00, 0x00,
        0x3c, 0x60, 0x00, 0x01, 0xab, 0x80, 0x00, 0x00, 0x01, 0xc1, 0x80, 0x00, 0x00, 0x67, 0xf8,
        0x00, 0x00, 0x1e, 0x06, 0x00, 0x00, 0x00, 0x1f, 0xff, 0x80, 0x01, 0xe0, 0x08, 0x00, 0x00,
        0x00, 0x0f, 0xfc, 0x78, 0x1e, 0x00, 0x30, 0x00, 0x00, 0x00, 0x03, 0xfa, 0xaf, 0xe0, 0x00,
        0xc0, 0x00, 0x00, 0x00, 0x02, 0xf0, 0x00, 0x00, 0x01, 0x00, 0x00, 0x00, 0x00, 0x00, 0x6a,
        0xaa, 0x00, 0x06, 0x00, 0x00, 0x00, 0x00, 0x00, 0x18, 0x00, 0x00, 0x18, 0x00, 0x00, 0x00,
        0x00, 0x00, 0x06, 0xaa, 0x00, 0x20, 0x00, 0x00, 0x00, 0x00, 0x00, 0x03, 0x00, 0x80, 0xc0,
        0x00, 0x00, 0x00, 0x00, 0x00, 0x00, 0xea, 0x83, 0x00, 0x00, 0x00, 0x00, 0x00, 0x00, 0x00,
        0x20, 0x84, 0x00, 0x00, 0x00, 0x00, 0x00, 0x00, 0x00, 0x1a, 0xd8, 0x00, 0x00, 0x00, 0x00,
        0x00, 0x00, 0x00, 0x06, 0xe0, 0x00, 0x00, 0x00, 0x00, 0x00, 0x00, 0x00, 0x01, 0x80, 0x00,
        0x00, 0x00, 0x00, 0x00, 0x00, 0x00, 0x00, 0x00, 0x00, 0x00, 0x00, 0x00, 0x00, 0x00, 0x00,
        0x00, 0x00, 0x00, 0x00, 0x00, 0x00, 0x00, 0x00, 0x00, 0x00, 0x00, 0x00, 0x00, 0x00, 0x00,
        0x00, 0x00, 0x00, 0x00, 0x00, 0x00, 0x00, 0x00, 0x00, 0x00, 0x00, 0x00, 0x00, 0x00, 0x00,
        0x00, 0x00, 0x00, 0x00, 0x00, 0x00, 0x00, 0x00, 0x00, 0x00, 0x00, 0x00, 0x00, 0x00, 0x00,
        0x00, 0x00, 0x00, 0x00, 0x00, 0x00, 0x00, 0x00, 0x00, 0x00, 0x00, 0x00, 0x00, 0x00, 0x00,
        0x00, 0x00, 0x00, 0x00, 0x00, 0x00, 0x00, 0x00, 0x00, 0x00, 0x00, 0x00, 0x00, 0x00, 0x00,
        0x00, 0x00, 0x00, 0x00, 0x00, 0x00, 0x00, 0x00, 0x00, 0x00, 0x00, 0x00, 0x00, 0x00, 0x00,
        0x00, 0x00, 0x00, 0x00, 0x00, 0x00, 0x00, 0x00, 0x00, 0x00, 0x00, 0x00, 0x00, 0x00, 0x00,
        0x00, 0x00, 0x00, 0x00, 0x00, 0x00, 0x00, 0x00, 0x00, 0x00, 0x00, 0x00, 0x00, 0x00, 0x00,
        0x00, 0x00, 0x00, 0x00, 0x00, 0x00, 0x00, 0x00, 0x00, 0x00, 0x00, 0x00,
};

const lv_img_dsc_t crystal_13 = {
    .header.cf = LV_IMG_CF_INDEXED_1BIT,
    .header.always_zero = 0,
    .header.reserved = 0,
    .header.w = 69,
    .header.h = 68,
    .data_size = 620,
    .data = crystal_13_map,
};

#ifndef LV_ATTRIBUTE_IMG_CRYSTAL_14
#define LV_ATTRIBUTE_IMG_CRYSTAL_14
#endif

const LV_ATTRIBUTE_MEM_ALIGN LV_ATTRIBUTE_LARGE_CONST LV_ATTRIBUTE_IMG_CRYSTAL_14 uint8_t
    crystal_14_map[] = {
#if CONFIG_NICE_VIEW_WIDGET_INVERTED
        0x00, 0x00, 0x00, 0xff, /*Color of index 0*/
        0xff, 0xff, 0xff, 0xff, /*Color of index 1*/
#else
        0xff, 0xff, 0xff, 0xff, /*Color of index 0*/
        0x00, 0x00, 0x00, 0xff, /*Color of index 1*/
#endif

        0x00, 0x00, 0x00, 0x00, 0x00, 0x00, 0x00, 0x00, 0x00, 0x00, 0x00, 0x00, 0x00, 0x00, 0x00,
        0x00, 0x00, 0x00, 0x00, 0x00, 0x00, 0x00, 0x00, 0x00, 0x00, 0x00, 0x00, 0x00, 0x00, 0x00,
        0x00, 0x00, 0x00, 0x00, 0x00, 0x00, 0x00, 0x00, 0x20, 0x00, 0x00, 0x00, 0x00, 0x00, 0x00,
        0x00, 0x00, 0x00, 0x00, 0x00, 0x00, 0x00, 0x00, 0x00, 0x00, 0x00, 0x00, 0x00, 0x00, 0x00,
        0x00, 0x00, 0x00, 0x00, 0x00, 0x00, 0x00, 0x00, 0x00, 0x00, 0x00, 0x00, 0x00, 0x00, 0x00,
        0x00, 0x00, 0x00, 0x00, 0x00, 0x00, 0x00, 0x00, 0x00, 0x00, 0x00, 0x00, 0x00, 0x00, 0x00,
        0x00, 0x00, 0x00, 0x00, 0x00, 0x00, 0x00, 0x00, 0x00, 0x00, 0x00, 0x00, 0x00, 0x00, 0x00,
        0x00, 0x00, 0x00, 0x00, 0x00, 0x00, 0x00, 0x00, 0x00, 0x00, 0x00, 0x00, 0x00, 0x00, 0x00,
        0x00, 0x00, 0x00, 0x00, 0x00, 0x00, 0x00, 0x00, 0x00, 0x00, 0x00, 0x00, 0x00, 0x00, 0x00,
        0x00, 0x00, 0x00, 0x00, 0x00, 0x00, 0x00, 0x00, 0x00, 0x00, 0x00, 0x00, 0x00, 0x00, 0x00,
        0x00, 0x00, 0x00, 0x00, 0x00, 0x00, 0x03, 0xc0, 0x00, 0x00, 0x00, 0x00, 0x00, 0x00, 0x00,
        0x0d, 0xf0, 0x00, 0x00, 0x00, 0x00, 0x00, 0x00, 0x00, 0x3a, 0xfc, 0x00, 0x00, 0x00, 0x00,
        0x00, 0x00, 0x00, 0xd7, 0xff, 0x00, 0x00, 0x00, 0x00, 0x00, 0x00, 0x01, 0xb8, 0x1f, 0x80,
        0x00, 0x00, 0x00, 0x00, 0x00, 0x07, 0x60, 0x07, 0xe0, 0x00, 0x00, 0x00, 0x00, 0x00, 0x1b,
        0x80, 0x01, 0xf8, 0x00, 0x00, 0x08, 0x00, 0x00, 0x76, 0x00, 0x00, 0x7e, 0x00, 0x00, 0x00,
        0x00, 0x00, 0xb8, 0x00, 0x00, 0x1f, 0x00, 0x00, 0x00, 0x00, 0x03, 0x60, 0x00, 0x00, 0x07,
        0xc0, 0x00, 0x00, 0x00, 0x0f, 0x80, 0x00, 0x00, 0x01, 0xf0, 0x00, 0x00, 0x00, 0x36, 0x00,
        0x00, 0x00, 0x00, 0x7c, 0x00, 0x00, 0x00, 0x78, 0x00, 0x00, 0x00, 0x00, 0x1e, 0x00, 0x00,
        0x01, 0xe0, 0x00, 0x00, 0x00, 0x00, 0x07, 0x80, 0x00, 0x07, 0x80, 0x00, 0x00, 0x00, 0x00,
        0x01, 0xe0, 0x00, 0x1e, 0x00, 0x00, 0x00, 0x00, 0x00, 0x00, 0x78, 0x00, 0x38, 0x00, 0x00,
        0x00, 0x00, 0x00, 0x00, 0x1c, 0x00, 0x3e, 0x00, 0x00, 0x00, 0x00, 0x00, 0x00, 0x7c, 0x00,
        0x1f, 0xf0, 0x00, 0x00, 0x00, 0x00, 0x0f, 0x98, 0x00, 0x07, 0xff, 0x80, 0x00, 0x00, 0x01,
        0xf0, 0x60, 0x00, 0x01, 0xfa, 0x7c, 0x00, 0x00, 0x3e, 0x01, 0x80, 0x00, 0x00, 0x70, 0x03,
        0xe0, 0x87, 0xc0, 0x02, 0x00, 0x00, 0x00, 0x38, 0x88, 0x9f, 0xf8, 0x00, 0x0c, 0x00, 0x00,
        0x00, 0x0c, 0x00, 0x00, 0xc0, 0x00, 0x30, 0x00, 0x00, 0x00, 0x03, 0x22, 0x22, 0x80, 0x00,
        0xc0, 0x00, 0x00, 0x00, 0x00, 0x80, 0x00, 0x80, 0x01, 0x00, 0x00, 0x00, 0x00, 0x02, 0x68,
        0x88, 0x80, 0x06, 0x00, 0x00, 0x00, 0x00, 0x02, 0x18, 0x00, 0x80, 0x18, 0x00, 0x00, 0x00,
        0x00, 0x06, 0x06, 0x22, 0x80, 0x60, 0x00, 0x00, 0x00, 0x00, 0x06, 0x01, 0x00, 0x80, 0x80,
        0x00, 0x00, 0x00, 0x00, 0x04, 0x00, 0xc8, 0x83, 0x00, 0x00, 0x00, 0x00, 0x00, 0x04, 0x00,
        0x30, 0x8c, 0x00, 0x00, 0x00, 0x00, 0x00, 0x04, 0x00, 0x0e, 0xb0, 0x00, 0x00, 0x00, 0x00,
        0x00, 0x00, 0x00, 0x03, 0xc0, 0x00, 0x00, 0x00, 0x00, 0x00, 0x00, 0x00, 0x00, 0x00, 0x00,
        0x00, 0x00, 0x00, 0x00, 0x00, 0x00, 0x00, 0x00, 0x00, 0x00, 0x00, 0x00, 0x00, 0x00, 0x00,
        0x00, 0x00, 0x00, 0x00, 0x00, 0x00, 0x00, 0x00, 0x00, 0x00, 0x00, 0x00, 0x00, 0x00, 0x00,
        0x00, 0x00, 0x00, 0x00, 0x00, 0x00, 0x00, 0x00, 0x00, 0x00, 0x00, 0x00, 0x00, 0x00, 0x00,
        0x00, 0x00, 0x00, 0x00, 0x00, 0x00, 0x00, 0x00, 0x00, 0x00, 0x00, 0x00, 0x00, 0x00, 0x00,
        0x00, 0x00, 0x00, 0x00, 0x00, 0x00, 0x00, 0x00, 0x00, 0x00, 0x00, 0x00, 0x00, 0x00, 0x00,
        0x00, 0x00, 0x00, 0x00, 0x00, 0x00, 0x00, 0x00, 0x00, 0x00, 0x00, 0x00, 0x00, 0x00, 0x00,
        0x00, 0x00, 0x00, 0x00, 0x00, 0x00, 0x00, 0x00, 0x00, 0x00, 0x00, 0x00, 0x00, 0x00, 0x00,
        0x00, 0x00, 0x00, 0x00, 0x00, 0x00, 0x00, 0x00, 0x00, 0x00, 0x00, 0x00, 0x00, 0x00, 0x00,
        0x00, 0x00, 0x00, 0x00, 0x00, 0x00, 0x00, 0x00, 0x00, 0x00, 0x00, 0x00, 0x00, 0x00, 0x00,
        0x00, 0x00, 0x00, 0x00, 0x00, 0x00, 0x00, 0x00, 0x00, 0x00, 0x00, 0x00,
};

const lv_img_dsc_t crystal_14 = {
    .header.cf = LV_IMG_CF_INDEXED_1BIT,
    .header.always_zero = 0,
    .header.reserved = 0,
    .header.w = 69,
    .header.h = 68,
    .data_size = 620,
    .data = crystal_14_map,
};

#ifndef LV_ATTRIBUTE_IMG_CRYSTAL_15
#define LV_ATTRIBUTE_IMG_CRYSTAL_15
#endif

const LV_ATTRIBUTE_MEM_ALIGN LV_ATTRIBUTE_LARGE_CONST LV_ATTRIBUTE_IMG_CRYSTAL_15 uint8_t
    crystal_15_map[] = {
#if CONFIG_NICE_VIEW_WIDGET_INVERTED
        0x00, 0x00, 0x00, 0xff, /*Color of index 0*/
        0xff, 0xff, 0xff, 0xff, /*Color of index 1*/
#else
        0xff, 0xff, 0xff, 0xff, /*Color of index 0*/
        0x00, 0x00, 0x00, 0xff, /*Color of index 1*/
#endif

        0x00, 0x00, 0x00, 0x00, 0x00, 0x00, 0x00, 0x00, 0x00, 0x00, 0x00, 0x00, 0x00, 0x00, 0x00,
        0x00, 0x00, 0x00, 0x00, 0x00, 0x00, 0x00, 0x00, 0x00, 0x00, 0x00, 0x00, 0x00, 0x00, 0x00,
        0x00, 0x00, 0x00, 0x00, 0x00, 0x00, 0x00, 0x00, 0x40, 0x00, 0x00, 0x00, 0x00, 0x00, 0x00,
        0x00, 0x00, 0x00, 0x00, 0x00, 0x00, 0x00, 0x00, 0x00, 0x00, 0x00, 0x00, 0x00, 0x00, 0x00,
        0x00, 0x00, 0x00, 0x00, 0x00, 0x00, 0x00, 0x00, 0x00, 0x00, 0x00, 0x00, 0x00, 0x00, 0x00,
        0x00, 0x00, 0x00, 0x00, 0x00, 0x00, 0x00, 0x00, 0x00, 0x00, 0x00, 0x00, 0x00, 0x00, 0x00,
        0x00, 0x00, 0x00, 0x00, 0x00, 0x00, 0x00, 0x00, 0x00, 0x00, 0x00, 0x00, 0x00, 0x00, 0x00,
        0x00, 0x00, 0x00, 0x00, 0x00, 0x00, 0x00, 0x00, 0x00, 0x00, 0x00, 0x00, 0x00, 0x00, 0x00,
        0x00, 0x00, 0x00, 0x00, 0x00, 0x00, 0x00, 0x00, 0x00, 0x00, 0x00, 0x00, 0x00, 0x00, 0x00,
        0x00, 0x00, 0x00, 0x00, 0x00, 0x00, 0x00, 0x00, 0x00, 0x00, 0x00, 0x00, 0x00, 0x00, 0x00,
        0x00, 0x00, 0x00, 0x00, 0x00, 0x00, 0x00, 0x00, 0x00, 0x00, 0x00, 0x00, 0x00, 0x00, 0x00,
        0x03, 0xc0, 0x00, 0x00, 0x00, 0x00, 0x00, 0x00, 0x00, 0x0c, 0xf0, 0x00, 0x00, 0x00, 0x00,
        0x00, 0x00, 0x00, 0x30, 0x8c, 0x00, 0x00, 0x00, 0x00, 0x00, 0x00, 0x00, 0xc0, 0x03, 0x00,
        0x00, 0x00, 0x00, 0x00, 0x00, 0x03, 0x00, 0x00, 0xc0, 0x00, 0x00, 0x00, 0x00, 0x00, 0x0c,
        0x00, 0x00, 0x30, 0x00, 0x00, 0x00, 0x00, 0x00, 0x30, 0x00, 0x00, 0x0c, 0x00, 0x00, 0x08,
        0x00, 0x00, 0x40, 0x00, 0x00, 0x02, 0x00, 0x00, 0x00, 0x00, 0x01, 0x80, 0x00, 0x00, 0x01,
        0x80, 0x00, 0x00, 0x00, 0x06, 0x00, 0x00, 0x00, 0x00, 0x60, 0x00, 0x00, 0x00, 0x18, 0x00,
        0x00, 0x00, 0x00, 0x18, 0x00, 0x00, 0x00, 0x60, 0x00, 0x00, 0x00, 0x00, 0x06, 0x00, 0x00,
        0x01, 0x80, 0x00, 0x00, 0x00, 0x00, 0x01, 0x80, 0x00, 0x06, 0x00, 0x00, 0x00, 0x00, 0x00,
        0x00, 0x60, 0x00, 0x18, 0x00, 0x00, 0x00, 0x00, 0x00, 0x00, 0x18, 0x00, 0x20, 0x00, 0x00,
        0x00, 0x00, 0x00, 0x00, 0x04, 0x00, 0x3f, 0xc0, 0x00, 0x00, 0x80, 0x00, 0x03, 0xfc, 0x00,
        0x1c, 0x3f, 0x80, 0x00, 0x80, 0x01, 0xfc, 0x18, 0x00, 0x07, 0x00, 0x7f, 0x81, 0x81, 0xfe,
        0x00, 0x60, 0x00, 0x01, 0xc0, 0x00, 0x7f, 0xfe, 0x00, 0x01, 0x80, 0x00, 0x00, 0x60, 0x00,
        0x00, 0xc0, 0x00, 0x06, 0x00, 0x00, 0x00, 0x18, 0x00, 0x00, 0x80, 0x00, 0x18, 0x00, 0x00,
        0x00, 0x06, 0x00, 0x00, 0x80, 0x00, 0x60, 0x00, 0x00, 0x00, 0x01, 0x80, 0x00, 0x00, 0x01,
        0x80, 0x00, 0x00, 0x00, 0x00, 0x40, 0x00, 0x00, 0x02, 0x00, 0x00, 0x00, 0x00, 0x00, 0x30,
        0x00, 0x00, 0x0c, 0x00, 0x00, 0x00, 0x00, 0x00, 0x0c, 0x00, 0x00, 0x30, 0x00, 0x00, 0x00,
        0x00, 0x00, 0x03, 0x00, 0x00, 0xc0, 0x00, 0x00, 0x00, 0x00, 0x00, 0x00, 0xc0, 0x03, 0x00,
        0x00, 0x00, 0x00, 0x00, 0x00, 0x00, 0x30, 0x0c, 0x00, 0x00, 0x00, 0x00, 0x00, 0x00, 0x00,
        0x0c, 0x30, 0x00, 0x00, 0x00, 0x00, 0x00, 0x00, 0x00, 0x03, 0xc0, 0x00, 0x00, 0x00, 0x00,
        0x00, 0x08, 0x00, 0x00, 0x00, 0x00, 0x00, 0x00, 0x00, 0x00, 0x08, 0x00, 0x00, 0x00, 0x00,
        0x00, 0x00, 0x00, 0x00, 0x18, 0x00, 0x00, 0x00, 0x00, 0x00, 0x00, 0x00, 0x00, 0x10, 0x00,
        0x00, 0x00, 0x00, 0x00, 0x00, 0x00, 0x00, 0x00, 0x00, 0x00, 0x00, 0x00, 0x00, 0x00, 0x00,
        0x00, 0x00, 0x00, 0x00, 0x00, 0x00, 0x00, 0x00, 0x00, 0x00, 0x00, 0x00, 0x00, 0x00, 0x00,
        0x00, 0x00, 0x00, 0x00, 0x00, 0x00, 0x00, 0x00, 0x00, 0x00, 0x00, 0x00, 0x00, 0x00, 0x00,
        0x00, 0x00, 0x00, 0x00, 0x00, 0x00, 0x00, 0x00, 0x00, 0x00, 0x00, 0x00, 0x00, 0x00, 0x00,
        0x00, 0x00, 0x00, 0x00, 0x00, 0x00, 0x00, 0x00, 0x00, 0x00, 0x00, 0x00, 0x00, 0x00, 0x00,
        0x00, 0x00, 0x00, 0x00, 0x00, 0x00, 0x00, 0x00, 0x00, 0x00, 0x00, 0x00, 0x00, 0x00, 0x00,
        0x00, 0x00, 0x00, 0x00, 0x00, 0x00, 0x00, 0x00, 0x00, 0x00, 0x00, 0x00, 0x00, 0x00, 0x00,
        0x00, 0x00, 0x00, 0x00, 0x00, 0x00, 0x00, 0x00, 0x00, 0x00, 0x00, 0x00, 0x00, 0x00, 0x00,
        0x00, 0x00, 0x00, 0x00, 0x00, 0x00, 0x00, 0x00, 0x00, 0x00, 0x00, 0x00,
};

const lv_img_dsc_t crystal_15 = {
    .header.cf = LV_IMG_CF_INDEXED_1BIT,
    .header.always_zero = 0,
    .header.reserved = 0,
    .header.w = 69,
    .header.h = 68,
    .data_size = 620,
    .data = crystal_15_map,
};

#ifndef LV_ATTRIBUTE_IMG_CRYSTAL_16
#define LV_ATTRIBUTE_IMG_CRYSTAL_16
#endif

const LV_ATTRIBUTE_MEM_ALIGN LV_ATTRIBUTE_LARGE_CONST LV_ATTRIBUTE_IMG_CRYSTAL_16 uint8_t
    crystal_16_map[] = {
#if CONFIG_NICE_VIEW_WIDGET_INVERTED
        0x00, 0x00, 0x00, 0xff, /*Color of index 0*/
        0xff, 0xff, 0xff, 0xff, /*Color of index 1*/
#else
        0xff, 0xff, 0xff, 0xff, /*Color of index 0*/
        0x00, 0x00, 0x00, 0xff, /*Color of index 1*/
#endif

        0x00, 0x00, 0x00, 0x00, 0x00, 0x00, 0x00, 0x00, 0x00, 0x00, 0x00, 0x00, 0x00, 0x00, 0x00,
        0x00, 0x00, 0x00, 0x00, 0x00, 0x00, 0x00, 0x00, 0x00, 0x00, 0x00, 0x00, 0x00, 0x00, 0x00,
        0x00, 0x00, 0x00, 0x00, 0x00, 0x00, 0x00, 0x00, 0x00, 0x00, 0x00, 0x00, 0x00, 0x00, 0x00,
        0x00, 0x00, 0x00, 0x00, 0x00, 0x00, 0x00, 0x00, 0x00, 0x00, 0x00, 0x00, 0x00, 0x00, 0x00,
        0x00, 0x00, 0x00, 0x00, 0x00, 0x00, 0x00, 0x00, 0x00, 0x00, 0x00, 0x00, 0x00, 0x00, 0x00,
        0x00, 0x00, 0x00, 0x00, 0x00, 0x00, 0x00, 0x00, 0x00, 0x00, 0x00, 0x00, 0x00, 0x00, 0x00,
        0x00, 0x00, 0x00, 0x00, 0x00, 0x00, 0x00, 0x00, 0x00, 0x00, 0x00, 0x00, 0x00, 0x00, 0x00,
        0x00, 0x00, 0x00, 0x00, 0x00, 0x00, 0x00, 0x00, 0x00, 0x00, 0x00, 0x00, 0x00, 0x00, 0x00,
        0x00, 0x00, 0x00, 0x00, 0x00, 0x00, 0x00, 0x00, 0x00, 0x00, 0x00, 0x00, 0x00, 0x00, 0x00,
        0x00, 0x00, 0x00, 0x00, 0x00, 0x00, 0x00, 0x00, 0x00, 0x00, 0x00, 0x00, 0x00, 0x00, 0x00,
        0x00, 0x00, 0x00, 0x00, 0x00, 0x00, 0x00, 0x00, 0x00, 0x00, 0x00, 0x00, 0x00, 0x00, 0x00,
        0x00, 0x00, 0x00, 0x00, 0x00, 0x00, 0x00, 0x00, 0x00, 0x03, 0x00, 0x00, 0x00, 0x00, 0x00,
        0x00, 0x00, 0x00, 0x0f, 0xc0, 0x00, 0x00, 0x00, 0x00, 0x00, 0x00, 0x00, 0x33, 0xf0, 0x00,
        0x00, 0x00, 0x00, 0x00, 0x00, 0x00, 0xc1, 0x8c, 0x00, 0x00, 0x00, 0x00, 0x00, 0x00, 0x03,
        0x01, 0x13, 0x00, 0x00, 0x00, 0x00, 0x00, 0x00, 0x0c, 0x01, 0x00, 0xc0, 0x00, 0x00, 0x00,
        0x00, 0x00, 0x30, 0x00, 0x44, 0x70, 0x00, 0x00, 0x08, 0x00, 0x00, 0xc0, 0x00, 0x00, 0x0c,
        0x00, 0x00, 0x00, 0x00, 0x03, 0x00, 0x01, 0x11, 0x13, 0x00, 0x00, 0x00, 0x00, 0x0c, 0x00,
        0x01, 0x00, 0x00, 0xc0, 0x00, 0x00, 0x00, 0x30, 0x00, 0x01, 0x44, 0x44, 0x70, 0x00, 0x00,
        0x00, 0xc0, 0x00, 0x01, 0x00, 0x00, 0x0c, 0x00, 0x00, 0x03, 0x00, 0x00, 0x01, 0x11, 0x11,
        0x13, 0x80, 0x00, 0x0c, 0x00, 0x00, 0x03, 0x00, 0x00, 0x00, 0xe0, 0x00, 0x7f, 0xff, 0xff,
        0xff, 0xff, 0xff, 0xff, 0xf8, 0x00, 0x70, 0x00, 0x00, 0x01, 0x00, 0x00, 0x00, 0x38, 0x00,
        0x0c, 0x00, 0x00, 0x00, 0x00, 0x00, 0x00, 0xe0, 0x00, 0x03, 0x00, 0x00, 0x00, 0x00, 0x00,
        0x03, 0x80, 0x00, 0x00, 0xc0, 0x00, 0x00, 0x00, 0x00, 0x0c, 0x00, 0x00, 0x00, 0x30, 0x00,
        0x00, 0x00, 0x00, 0x30, 0x00, 0x00, 0x00, 0x0c, 0x00, 0x00, 0x00, 0x00, 0xc0, 0x00, 0x00,
        0x00, 0x03, 0x00, 0x00, 0x00, 0x03, 0x00, 0x00, 0x00, 0x00, 0x00, 0xc0, 0x00, 0x00, 0x0c,
        0x00, 0x00, 0x00, 0x00, 0x00, 0x30, 0x00, 0x00, 0x30, 0x00, 0x00, 0x00, 0x00, 0x00, 0x0c,
        0x00, 0x00, 0xc0, 0x00, 0x00, 0x00, 0x00, 0x00, 0x03, 0x00, 0x03, 0x00, 0x00, 0x00, 0x00,
        0x00, 0x00, 0x00, 0xc0, 0x0c, 0x00, 0x00, 0x00, 0x00, 0x00, 0x00, 0x00, 0x30, 0x30, 0x00,
        0x00, 0x00, 0x00, 0x00, 0x00, 0x00, 0x0c, 0xc0, 0x00, 0x00, 0x00, 0x00, 0x00, 0x00, 0x00,
        0x03, 0x00, 0x00, 0x00, 0x00, 0x00, 0x00, 0x00, 0x00, 0x00, 0x00, 0x00, 0x00, 0x00, 0x00,
        0x00, 0x00, 0x00, 0x00, 0x00, 0x00, 0x00, 0x00, 0x00, 0x00, 0x00, 0x00, 0x00, 0x00, 0x00,
        0x00, 0x00, 0x00, 0x00, 0x00, 0x00, 0x00, 0x00, 0x00, 0x00, 0x00, 0x00, 0x00, 0x00, 0x00,
        0x00, 0x00, 0x00, 0x00, 0x00, 0x00, 0x00, 0x20, 0x00, 0x00, 0x00, 0x00, 0x00, 0x00, 0x00,
        0x00, 0x20, 0x00, 0x00, 0x00, 0x00, 0x00, 0x00, 0x00, 0x00, 0x00, 0x00, 0x00, 0x00, 0x00,
        0x00, 0x00, 0x00, 0x00, 0x00, 0x00, 0x00, 0x00, 0x00, 0x00, 0x00, 0x00, 0x00, 0x00, 0x00,
        0x00, 0x00, 0x00, 0x00, 0x00, 0x00, 0x00, 0x00, 0x00, 0x00, 0x00, 0x00, 0x00, 0x00, 0x00,
        0x00, 0x00, 0x00, 0x00, 0x00, 0x00, 0x00, 0x00, 0x00, 0x00, 0x00, 0x00, 0x00, 0x00, 0x00,
        0x00, 0x00, 0x00, 0x00, 0x00, 0x00, 0x00, 0x00, 0x00, 0x00, 0x00, 0x00, 0x00, 0x00, 0x00,
        0x00, 0x00, 0x00, 0x00, 0x00, 0x00, 0x00, 0x00, 0x00, 0x00, 0x00, 0x00, 0x00, 0x00, 0x00,
        0x00, 0x00, 0x00, 0x00, 0x00, 0x00, 0x00, 0x00, 0x00, 0x00, 0x00, 0x00, 0x00, 0x00, 0x00,
        0x00, 0x00, 0x00, 0x00, 0x00, 0x00, 0x00, 0x00, 0x00, 0x00, 0x00, 0x00,
};

const lv_img_dsc_t crystal_16 = {
    .header.cf = LV_IMG_CF_INDEXED_1BIT,
    .header.always_zero = 0,
    .header.reserved = 0,
    .header.w = 69,
    .header.h = 68,
    .data_size = 620,
    .data = crystal_16_map,
};


/* ======================================================================
 * crystal_17 -- Filled heart, '/'-hatched with a white sheen highlight
 * (custom 69x68 1-bit art added alongside the original crystals; pick it
 *  with CONFIG_NICE_VIEW_GEM_ANIMATION_FRAME = 17)
 * ====================================================================== */
#ifndef LV_ATTRIBUTE_IMG_CRYSTAL_17
#define LV_ATTRIBUTE_IMG_CRYSTAL_17
#endif

const LV_ATTRIBUTE_MEM_ALIGN LV_ATTRIBUTE_LARGE_CONST LV_ATTRIBUTE_IMG_CRYSTAL_17 uint8_t
    crystal_17_map[] = {
#if CONFIG_NICE_VIEW_WIDGET_INVERTED
        0x00, 0x00, 0x00, 0xff, /*Color of index 0*/
        0xff, 0xff, 0xff, 0xff, /*Color of index 1*/
#else
        0xff, 0xff, 0xff, 0xff, /*Color of index 0*/
        0x00, 0x00, 0x00, 0xff, /*Color of index 1*/
#endif

        0x00, 0x00, 0x00, 0x00, 0x00, 0x00, 0x00, 0x00, 0x00, 0x00, 0x00, 0x00, 0x00, 0x00, 0x00,
        0x00, 0x00, 0x00, 0x00, 0x00, 0x00, 0x00, 0x00, 0x00, 0x00, 0x00, 0x00, 0x00, 0x00, 0x00,
        0x00, 0x00, 0x00, 0x00, 0x00, 0x00, 0x00, 0x00, 0x00, 0x00, 0x00, 0x00, 0x00, 0x00, 0x00,
        0x00, 0x00, 0x00, 0x00, 0x00, 0x00, 0x00, 0x00, 0x00, 0x00, 0x00, 0x00, 0x00, 0x00, 0x00,
        0x00, 0x00, 0x00, 0x00, 0x00, 0x07, 0xf0, 0x00, 0x7f, 0x00, 0x00, 0x00, 0x00, 0x00, 0x18,
        0x8e, 0x03, 0x88, 0xc0, 0x00, 0x00, 0x00, 0x00, 0x71, 0x11, 0x8d, 0x11, 0x30, 0x00, 0x00,
        0x00, 0x00, 0xa2, 0x22, 0x52, 0x22, 0x28, 0x00, 0x00, 0x00, 0x01, 0x44, 0x44, 0x64, 0x44,
        0x44, 0x00, 0x00, 0x00, 0x01, 0x88, 0x88, 0x88, 0x88, 0x8c, 0x00, 0x00, 0x00, 0x03, 0x11,
        0x11, 0x11, 0x11, 0x12, 0x00, 0x00, 0x00, 0x02, 0x22, 0x22, 0x22, 0x22, 0x22, 0x00, 0x00,
        0x00, 0x02, 0x44, 0x04, 0x44, 0x44, 0x46, 0x00, 0x00, 0x00, 0x04, 0x88, 0x00, 0x88, 0x88,
        0x89, 0x00, 0x00, 0x00, 0x05, 0x10, 0x01, 0x11, 0x11, 0x11, 0x00, 0x00, 0x00, 0x06, 0x20,
        0x02, 0x22, 0x22, 0x23, 0x00, 0x00, 0x00, 0x04, 0x44, 0x04, 0x44, 0x44, 0x45, 0x00, 0x00,
        0x00, 0x04, 0x88, 0x00, 0x88, 0x88, 0x89, 0x00, 0x00, 0x00, 0x05, 0x10, 0x01, 0x11, 0x11,
        0x11, 0x00, 0x00, 0x00, 0x06, 0x22, 0x22, 0x22, 0x22, 0x23, 0x00, 0x00, 0x00, 0x04, 0x44,
        0x44, 0x44, 0x44, 0x45, 0x00, 0x00, 0x00, 0x04, 0x88, 0x88, 0x88, 0x88, 0x89, 0x00, 0x00,
        0x00, 0x03, 0x11, 0x11, 0x11, 0x11, 0x12, 0x00, 0x00, 0x00, 0x02, 0x22, 0x22, 0x22, 0x22,
        0x22, 0x00, 0x00, 0x00, 0x02, 0x44, 0x44, 0x44, 0x44, 0x46, 0x00, 0x00, 0x00, 0x01, 0x88,
        0x88, 0x88, 0x88, 0x8c, 0x00, 0x00, 0x00, 0x01, 0x11, 0x11, 0x11, 0x11, 0x14, 0x00, 0x00,
        0x00, 0x01, 0x22, 0x22, 0x22, 0x22, 0x24, 0x00, 0x00, 0x00, 0x00, 0xc4, 0x44, 0x44, 0x44,
        0x48, 0x00, 0x00, 0x00, 0x00, 0x48, 0x88, 0x88, 0x88, 0x90, 0x00, 0x00, 0x00, 0x00, 0x51,
        0x11, 0x11, 0x11, 0x10, 0x00, 0x00, 0x00, 0x00, 0x22, 0x22, 0x22, 0x22, 0x20, 0x00, 0x00,
        0x00, 0x00, 0x14, 0x44, 0x44, 0x44, 0x40, 0x00, 0x00, 0x00, 0x00, 0x18, 0x88, 0x88, 0x88,
        0xc0, 0x00, 0x00, 0x00, 0x00, 0x09, 0x11, 0x11, 0x11, 0x80, 0x00, 0x00, 0x00, 0x00, 0x06,
        0x22, 0x22, 0x23, 0x00, 0x00, 0x00, 0x00, 0x00, 0x02, 0x44, 0x44, 0x46, 0x00, 0x00, 0x00,
        0x00, 0x00, 0x01, 0x88, 0x88, 0x8c, 0x00, 0x00, 0x00, 0x00, 0x00, 0x00, 0xd1, 0x11, 0x18,
        0x00, 0x00, 0x00, 0x00, 0x00, 0x00, 0x22, 0x22, 0x20, 0x00, 0x00, 0x00, 0x00, 0x00, 0x00,
        0x14, 0x44, 0x40, 0x00, 0x00, 0x00, 0x00, 0x00, 0x00, 0x0c, 0x89, 0x80, 0x00, 0x00, 0x00,
        0x00, 0x00, 0x00, 0x03, 0x12, 0x00, 0x00, 0x00, 0x00, 0x00, 0x00, 0x00, 0x01, 0xac, 0x00,
        0x00, 0x00, 0x00, 0x00, 0x00, 0x00, 0x00, 0x50, 0x00, 0x00, 0x00, 0x00, 0x00, 0x00, 0x00,
        0x00, 0x20, 0x00, 0x00, 0x00, 0x00, 0x00, 0x00, 0x00, 0x00, 0x20, 0x00, 0x00, 0x00, 0x00,
        0x00, 0x00, 0x00, 0x00, 0x00, 0x00, 0x00, 0x00, 0x00, 0x00, 0x00, 0x00, 0x00, 0x00, 0x00,
        0x00, 0x00, 0x00, 0x00, 0x00, 0x00, 0x00, 0x00, 0x00, 0x00, 0x00, 0x00, 0x00, 0x00, 0x00,
        0x00, 0x00, 0x00, 0x00, 0x00, 0x00, 0x00, 0x00, 0x00, 0x00, 0x00, 0x00, 0x00, 0x00, 0x00,
        0x00, 0x00, 0x00, 0x00, 0x00, 0x00, 0x00, 0x00, 0x00, 0x00, 0x00, 0x00, 0x00, 0x00, 0x00,
        0x00, 0x00, 0x00, 0x00, 0x00, 0x00, 0x00, 0x00, 0x00, 0x00, 0x00, 0x00, 0x00, 0x00, 0x00,
        0x00, 0x00, 0x00, 0x00, 0x00, 0x00, 0x00, 0x00, 0x00, 0x00, 0x00, 0x00, 0x00, 0x00, 0x00,
        0x00, 0x00, 0x00, 0x00, 0x00, 0x00, 0x00, 0x00, 0x00, 0x00, 0x00, 0x00, 0x00, 0x00, 0x00,
        0x00, 0x00, 0x00, 0x00, 0x00, 0x00, 0x00, 0x00, 0x00, 0x00, 0x00, 0x00, 0x00, 0x00, 0x00,
        0x00, 0x00, 0x00, 0x00, 0x00, 0x00, 0x00, 0x00, 0x00, 0x00, 0x00, 0x00, 0x00, 0x00, 0x00,
        0x00, 0x00, 0x00, 0x00, 0x00, 0x00, 0x00, 0x00, 0x00, 0x00, 0x00, 0x00, 0x00, 0x00, 0x00,
        0x00, 0x00, 0x00, 0x00, 0x00, 0x00, 0x00, 0x00, 0x00, 0x00, 0x00, 0x00,
};

const lv_img_dsc_t crystal_17 = {
    .header.cf = LV_IMG_CF_INDEXED_1BIT,
    .header.always_zero = 0,
    .header.reserved = 0,
    .header.w = 69,
    .header.h = 68,
    .data_size = 620,
    .data = crystal_17_map,
};

/* ======================================================================
 * crystal_18 -- Shaded sphere (Bayer-dither gradient lighting)
 * (custom 69x68 1-bit art added alongside the original crystals; pick it
 *  with CONFIG_NICE_VIEW_GEM_ANIMATION_FRAME = 18)
 * ====================================================================== */
#ifndef LV_ATTRIBUTE_IMG_CRYSTAL_18
#define LV_ATTRIBUTE_IMG_CRYSTAL_18
#endif

const LV_ATTRIBUTE_MEM_ALIGN LV_ATTRIBUTE_LARGE_CONST LV_ATTRIBUTE_IMG_CRYSTAL_18 uint8_t
    crystal_18_map[] = {
#if CONFIG_NICE_VIEW_WIDGET_INVERTED
        0x00, 0x00, 0x00, 0xff, /*Color of index 0*/
        0xff, 0xff, 0xff, 0xff, /*Color of index 1*/
#else
        0xff, 0xff, 0xff, 0xff, /*Color of index 0*/
        0x00, 0x00, 0x00, 0xff, /*Color of index 1*/
#endif

        0x00, 0x00, 0x00, 0x00, 0x00, 0x00, 0x00, 0x00, 0x00, 0x00, 0x00, 0x00, 0x00, 0x00, 0x00,
        0x00, 0x00, 0x00, 0x00, 0x00, 0x00, 0x00, 0x00, 0x00, 0x00, 0x00, 0x00, 0x00, 0x00, 0x00,
        0x00, 0x00, 0x00, 0x00, 0x00, 0x00, 0x00, 0x00, 0x00, 0x00, 0x00, 0x00, 0x00, 0x00, 0x00,
        0x00, 0x00, 0x00, 0x00, 0x20, 0x00, 0x00, 0x00, 0x00, 0x00, 0x00, 0x00, 0x1f, 0xff, 0xc0,
        0x00, 0x00, 0x00, 0x00, 0x00, 0x00, 0xff, 0xff, 0xf8, 0x00, 0x00, 0x00, 0x00, 0x00, 0x03,
        0xe0, 0x08, 0xbe, 0x00, 0x00, 0x00, 0x00, 0x00, 0x0f, 0x80, 0x00, 0x0f, 0x80, 0x00, 0x00,
        0x00, 0x00, 0x1c, 0x00, 0x00, 0x2b, 0xc0, 0x00, 0x00, 0x00, 0x00, 0x78, 0x00, 0x00, 0x01,
        0xf0, 0x00, 0x00, 0x00, 0x00, 0xe0, 0x00, 0x00, 0xaa, 0xf8, 0x00, 0x00, 0x00, 0x01, 0xc0,
        0x00, 0x00, 0x05, 0x5c, 0x00, 0x00, 0x00, 0x03, 0x80, 0x00, 0x00, 0x2a, 0xbe, 0x00, 0x00,
        0x00, 0x07, 0x00, 0x00, 0x00, 0x01, 0x57, 0x00, 0x00, 0x00, 0x0e, 0x00, 0x00, 0x00, 0xaa,
        0xff, 0x80, 0x00, 0x00, 0x0c, 0x00, 0x00, 0x00, 0x05, 0x55, 0x80, 0x00, 0x00, 0x18, 0x00,
        0x00, 0x00, 0x2a, 0xbf, 0xc0, 0x00, 0x00, 0x38, 0x00, 0x00, 0x00, 0x01, 0x57, 0xe0, 0x00,
        0x00, 0x30, 0x00, 0x00, 0x08, 0xaa, 0xff, 0xe0, 0x00, 0x00, 0x60, 0x00, 0x00, 0x00, 0x05,
        0x55, 0xf0, 0x00, 0x00, 0x60, 0x00, 0x00, 0x02, 0xaa, 0xbf, 0xf0, 0x00, 0x00, 0xe0, 0x00,
        0x00, 0x00, 0x11, 0x57, 0xf8, 0x00, 0x00, 0xc0, 0x00, 0x00, 0x0a, 0xaa, 0xff, 0xf8, 0x00,
        0x00, 0xc0, 0x00, 0x00, 0x00, 0x45, 0x5f, 0xf8, 0x00, 0x01, 0x80, 0x00, 0x00, 0x22, 0xaa,
        0xbf, 0xfc, 0x00, 0x01, 0x80, 0x00, 0x00, 0x00, 0x15, 0x57, 0xfc, 0x00, 0x01, 0x80, 0x00,
        0x00, 0xaa, 0xae, 0xff, 0xfc, 0x00, 0x01, 0x80, 0x00, 0x00, 0x04, 0x55, 0x5f, 0xfc, 0x00,
        0x01, 0x80, 0x00, 0x02, 0x2a, 0xab, 0xff, 0xfc, 0x00, 0x01, 0x80, 0x00, 0x00, 0x01, 0x55,
        0x77, 0xfc, 0x00, 0x01, 0x80, 0x00, 0x8a, 0xaa, 0xaf, 0xff, 0xfc, 0x00, 0x03, 0x80, 0x00,
        0x00, 0x45, 0x55, 0xdf, 0xfe, 0x00, 0x01, 0x80, 0x00, 0x22, 0xaa, 0xbf, 0xff, 0xfc, 0x00,
        0x01, 0x80, 0x00, 0x00, 0x11, 0x55, 0x7f, 0xfc, 0x00, 0x01, 0x88, 0x88, 0xaa, 0xaa, 0xff,
        0xff, 0xfc, 0x00, 0x01, 0x80, 0x00, 0x04, 0x55, 0x55, 0xff, 0xfc, 0x00, 0x01, 0xa2, 0x22,
        0xaa, 0xab, 0xbf, 0xff, 0xfc, 0x00, 0x01, 0x80, 0x00, 0x11, 0x55, 0x57, 0xff, 0xfc, 0x00,
        0x01, 0xaa, 0xaa, 0xaa, 0xaf, 0xff, 0xff, 0xfc, 0x00, 0x00, 0xc4, 0x44, 0x55, 0x55, 0x5f,
        0xff, 0xf8, 0x00, 0x00, 0xea, 0xaa, 0xaa, 0xbf, 0xff, 0xff, 0xf8, 0x00, 0x00, 0xf1, 0x11,
        0x55, 0x55, 0x7f, 0xff, 0xf8, 0x00, 0x00, 0x6a, 0xaa, 0xae, 0xff, 0xff, 0xff, 0xf0, 0x00,
        0x00, 0x75, 0x55, 0x55, 0x5d, 0xff, 0xff, 0xf0, 0x00, 0x00, 0x3a, 0xaa, 0xbb, 0xff, 0xff,
        0xff, 0xe0, 0x00, 0x00, 0x3d, 0x55, 0x55, 0x77, 0xff, 0xff, 0xe0, 0x00, 0x00, 0x1f, 0xef,
        0xff, 0xff, 0xff, 0xff, 0xc0, 0x00, 0x00, 0x0d, 0x55, 0x5d, 0xff, 0xff, 0xff, 0x80, 0x00,
        0x00, 0x0f, 0xff, 0xff, 0xff, 0xff, 0xff, 0x80, 0x00, 0x00, 0x07, 0x55, 0x77, 0xff, 0xff,
        0xff, 0x00, 0x00, 0x00, 0x03, 0xff, 0xff, 0xff, 0xff, 0xfe, 0x00, 0x00, 0x00, 0x01, 0xff,
        0xff, 0xff, 0xff, 0xfc, 0x00, 0x00, 0x00, 0x00, 0xff, 0xff, 0xff, 0xff, 0xf8, 0x00, 0x00,
        0x00, 0x00, 0x7f, 0xff, 0xff, 0xff, 0xf0, 0x00, 0x00, 0x00, 0x00, 0x1f, 0xff, 0xff, 0xff,
        0xc0, 0x00, 0x00, 0x00, 0x00, 0x0f, 0xff, 0xff, 0xff, 0x80, 0x00, 0x00, 0x00, 0x00, 0x03,
        0xff, 0xff, 0xfe, 0x00, 0x00, 0x00, 0x00, 0x00, 0x00, 0xff, 0xff, 0xf8, 0x00, 0x00, 0x00,
        0x00, 0x00, 0x00, 0x1f, 0xff, 0xc0, 0x00, 0x00, 0x00, 0x00, 0x00, 0x00, 0x00, 0x20, 0x00,
        0x00, 0x00, 0x00, 0x00, 0x00, 0x00, 0x00, 0x00, 0x00, 0x00, 0x00, 0x00, 0x00, 0x00, 0x00,
        0x00, 0x00, 0x00, 0x00, 0x00, 0x00, 0x00, 0x00, 0x00, 0x00, 0x00, 0x00, 0x00, 0x00, 0x00,
        0x00, 0x00, 0x00, 0x00, 0x00, 0x00, 0x00, 0x00, 0x00, 0x00, 0x00, 0x00, 0x00, 0x00, 0x00,
        0x00, 0x00, 0x00, 0x00, 0x00, 0x00, 0x00, 0x00, 0x00, 0x00, 0x00, 0x00,
};

const lv_img_dsc_t crystal_18 = {
    .header.cf = LV_IMG_CF_INDEXED_1BIT,
    .header.always_zero = 0,
    .header.reserved = 0,
    .header.w = 69,
    .header.h = 68,
    .data_size = 620,
    .data = crystal_18_map,
};

/* ======================================================================
 * crystal_19 -- Isometric cube; 3 faces, 3 hatch densities
 * (custom 69x68 1-bit art added alongside the original crystals; pick it
 *  with CONFIG_NICE_VIEW_GEM_ANIMATION_FRAME = 19)
 * ====================================================================== */
#ifndef LV_ATTRIBUTE_IMG_CRYSTAL_19
#define LV_ATTRIBUTE_IMG_CRYSTAL_19
#endif

const LV_ATTRIBUTE_MEM_ALIGN LV_ATTRIBUTE_LARGE_CONST LV_ATTRIBUTE_IMG_CRYSTAL_19 uint8_t
    crystal_19_map[] = {
#if CONFIG_NICE_VIEW_WIDGET_INVERTED
        0x00, 0x00, 0x00, 0xff, /*Color of index 0*/
        0xff, 0xff, 0xff, 0xff, /*Color of index 1*/
#else
        0xff, 0xff, 0xff, 0xff, /*Color of index 0*/
        0x00, 0x00, 0x00, 0xff, /*Color of index 1*/
#endif

        0x00, 0x00, 0x00, 0x00, 0x00, 0x00, 0x00, 0x00, 0x00, 0x00, 0x00, 0x00, 0x00, 0x00, 0x00,
        0x00, 0x00, 0x00, 0x00, 0x00, 0x00, 0x00, 0x00, 0x00, 0x00, 0x00, 0x00, 0x00, 0x00, 0x00,
        0x00, 0x00, 0x00, 0x00, 0x00, 0x00, 0x00, 0x00, 0x00, 0x00, 0x00, 0x00, 0x00, 0x00, 0x00,
        0x00, 0x00, 0x00, 0x00, 0x00, 0x00, 0x00, 0x00, 0x00, 0x00, 0x00, 0x00, 0x00, 0x00, 0x00,
        0x00, 0x00, 0x00, 0x00, 0x00, 0x00, 0x00, 0x00, 0x00, 0x00, 0x00, 0x00, 0x00, 0x00, 0x00,
        0x00, 0x20, 0x00, 0x00, 0x00, 0x00, 0x00, 0x00, 0x00, 0x00, 0xd8, 0x00, 0x00, 0x00, 0x00,
        0x00, 0x00, 0x00, 0x03, 0xae, 0x00, 0x00, 0x00, 0x00, 0x00, 0x00, 0x00, 0x0c, 0x01, 0x80,
        0x00, 0x00, 0x00, 0x00, 0x00, 0x00, 0x3a, 0xaa, 0xe0, 0x00, 0x00, 0x00, 0x00, 0x00, 0x00,
        0xc0, 0x00, 0x18, 0x00, 0x00, 0x00, 0x00, 0x00, 0x01, 0xaa, 0xaa, 0xae, 0x00, 0x00, 0x00,
        0x00, 0x00, 0x06, 0x00, 0x00, 0x01, 0x00, 0x00, 0x00, 0x00, 0x00, 0x1a, 0xaa, 0xaa, 0xaa,
        0xc0, 0x00, 0x00, 0x00, 0x00, 0x60, 0x00, 0x00, 0x00, 0x30, 0x00, 0x00, 0x00, 0x01, 0xaa,
        0xaa, 0xaa, 0xaa, 0xac, 0x00, 0x00, 0x00, 0x06, 0x00, 0x00, 0x00, 0x00, 0x03, 0x00, 0x00,
        0x00, 0x1a, 0xaa, 0xaa, 0xaa, 0xaa, 0xaa, 0xc0, 0x00, 0x00, 0x20, 0x00, 0x00, 0x00, 0x00,
        0x00, 0x20, 0x00, 0x00, 0x3a, 0xaa, 0xaa, 0xaa, 0xaa, 0xaa, 0xe0, 0x00, 0x00, 0x36, 0x00,
        0x00, 0x00, 0x00, 0x03, 0x20, 0x00, 0x00, 0x2b, 0xaa, 0xaa, 0xaa, 0xaa, 0xae, 0xa0, 0x00,
        0x00, 0x35, 0xc0, 0x00, 0x00, 0x00, 0x1c, 0x60, 0x00, 0x00, 0x2a, 0xaa, 0xaa, 0xaa, 0xaa,
        0xa2, 0x20, 0x00, 0x00, 0x35, 0x58, 0x00, 0x00, 0x00, 0xd1, 0x20, 0x00, 0x00, 0x2a, 0xae,
        0xaa, 0xaa, 0xab, 0x88, 0xa0, 0x00, 0x00, 0x35, 0x57, 0x00, 0x00, 0x06, 0x44, 0x60, 0x00,
        0x00, 0x2a, 0xaa, 0xea, 0xaa, 0xba, 0x22, 0x20, 0x00, 0x00, 0x35, 0x55, 0x60, 0x00, 0x31,
        0x11, 0x20, 0x00, 0x00, 0x2a, 0xaa, 0xba, 0xaa, 0xc8, 0x88, 0xa0, 0x00, 0x00, 0x35, 0x55,
        0x56, 0x03, 0x44, 0x44, 0x60, 0x00, 0x00, 0x2a, 0xaa, 0xab, 0xae, 0x22, 0x22, 0x20, 0x00,
        0x00, 0x35, 0x55, 0x55, 0xd9, 0x11, 0x11, 0x20, 0x00, 0x00, 0x2a, 0xaa, 0xaa, 0xa8, 0x88,
        0x88, 0xa0, 0x00, 0x00, 0x35, 0x55, 0x55, 0x64, 0x44, 0x44, 0x60, 0x00, 0x00, 0x2a, 0xaa,
        0xaa, 0xa2, 0x22, 0x22, 0x20, 0x00, 0x00, 0x35, 0x55, 0x55, 0x71, 0x11, 0x11, 0x20, 0x00,
        0x00, 0x2a, 0xaa, 0xaa, 0xa8, 0x88, 0x88, 0xa0, 0x00, 0x00, 0x35, 0x55, 0x55, 0x64, 0x44,
        0x44, 0x60, 0x00, 0x00, 0x2a, 0xaa, 0xaa, 0xa2, 0x22, 0x22, 0x20, 0x00, 0x00, 0x35, 0x55,
        0x55, 0x71, 0x11, 0x11, 0x20, 0x00, 0x00, 0x2a, 0xaa, 0xaa, 0xa8, 0x88, 0x88, 0xa0, 0x00,
        0x00, 0x35, 0x55, 0x55, 0x64, 0x44, 0x44, 0x60, 0x00, 0x00, 0x2a, 0xaa, 0xaa, 0xa2, 0x22,
        0x22, 0x20, 0x00, 0x00, 0x1d, 0x55, 0x55, 0x71, 0x11, 0x11, 0xc0, 0x00, 0x00, 0x06, 0xaa,
        0xaa, 0xa8, 0x88, 0x89, 0x00, 0x00, 0x00, 0x03, 0x55, 0x55, 0x64, 0x44, 0x46, 0x00, 0x00,
        0x00, 0x00, 0xaa, 0xaa, 0xa2, 0x22, 0x28, 0x00, 0x00, 0x00, 0x00, 0x75, 0x55, 0x71, 0x11,
        0x30, 0x00, 0x00, 0x00, 0x00, 0x1a, 0xaa, 0xa8, 0x88, 0xc0, 0x00, 0x00, 0x00, 0x00, 0x0d,
        0x55, 0x64, 0x45, 0x80, 0x00, 0x00, 0x00, 0x00, 0x02, 0xaa, 0xa2, 0x22, 0x00, 0x00, 0x00,
        0x00, 0x00, 0x01, 0xd5, 0x71, 0x1c, 0x00, 0x00, 0x00, 0x00, 0x00, 0x00, 0x6a, 0xa8, 0x90,
        0x00, 0x00, 0x00, 0x00, 0x00, 0x00, 0x35, 0x64, 0x60, 0x00, 0x00, 0x00, 0x00, 0x00, 0x00,
        0x0a, 0xa2, 0x80, 0x00, 0x00, 0x00, 0x00, 0x00, 0x00, 0x07, 0x73, 0x00, 0x00, 0x00, 0x00,
        0x00, 0x00, 0x00, 0x01, 0xac, 0x00, 0x00, 0x00, 0x00, 0x00, 0x00, 0x00, 0x00, 0xf8, 0x00,
        0x00, 0x00, 0x00, 0x00, 0x00, 0x00, 0x00, 0x20, 0x00, 0x00, 0x00, 0x00, 0x00, 0x00, 0x00,
        0x00, 0x00, 0x00, 0x00, 0x00, 0x00, 0x00, 0x00, 0x00, 0x00, 0x00, 0x00, 0x00, 0x00, 0x00,
        0x00, 0x00, 0x00, 0x00, 0x00, 0x00, 0x00, 0x00, 0x00, 0x00, 0x00, 0x00, 0x00, 0x00, 0x00,
        0x00, 0x00, 0x00, 0x00, 0x00, 0x00, 0x00, 0x00, 0x00, 0x00, 0x00, 0x00,
};

const lv_img_dsc_t crystal_19 = {
    .header.cf = LV_IMG_CF_INDEXED_1BIT,
    .header.always_zero = 0,
    .header.reserved = 0,
    .header.w = 69,
    .header.h = 68,
    .data_size = 620,
    .data = crystal_19_map,
};

/* ======================================================================
 * crystal_20 -- Saturn: banded gas-giant dither + cross-hatched rings
 * (custom 69x68 1-bit art added alongside the original crystals; pick it
 *  with CONFIG_NICE_VIEW_GEM_ANIMATION_FRAME = 20)
 * ====================================================================== */
#ifndef LV_ATTRIBUTE_IMG_CRYSTAL_20
#define LV_ATTRIBUTE_IMG_CRYSTAL_20
#endif

const LV_ATTRIBUTE_MEM_ALIGN LV_ATTRIBUTE_LARGE_CONST LV_ATTRIBUTE_IMG_CRYSTAL_20 uint8_t
    crystal_20_map[] = {
#if CONFIG_NICE_VIEW_WIDGET_INVERTED
        0x00, 0x00, 0x00, 0xff, /*Color of index 0*/
        0xff, 0xff, 0xff, 0xff, /*Color of index 1*/
#else
        0xff, 0xff, 0xff, 0xff, /*Color of index 0*/
        0x00, 0x00, 0x00, 0xff, /*Color of index 1*/
#endif

        0x00, 0x00, 0x00, 0x00, 0x00, 0x00, 0x00, 0x00, 0x00, 0x00, 0x00, 0x00, 0x00, 0x00, 0x00,
        0x00, 0x00, 0x00, 0x00, 0x00, 0x00, 0x00, 0x00, 0x00, 0x00, 0x00, 0x00, 0x00, 0x00, 0x00,
        0x00, 0x00, 0x00, 0x00, 0x00, 0x00, 0x00, 0x00, 0x00, 0x00, 0x00, 0x00, 0x00, 0x00, 0x00,
        0x00, 0x00, 0x00, 0x00, 0x00, 0x00, 0x00, 0x00, 0x00, 0x00, 0x00, 0x00, 0x00, 0x00, 0x00,
        0x00, 0x00, 0x00, 0x00, 0x00, 0x00, 0x00, 0x00, 0x00, 0x00, 0x00, 0x00, 0x00, 0x00, 0x00,
        0x00, 0x00, 0x00, 0x00, 0x00, 0x00, 0x00, 0x00, 0x00, 0x00, 0x00, 0x00, 0x00, 0x00, 0x00,
        0x00, 0x00, 0x00, 0x00, 0x00, 0x00, 0x00, 0x00, 0x00, 0x00, 0x00, 0x00, 0x00, 0x00, 0x00,
        0x00, 0x00, 0x00, 0x00, 0x00, 0x00, 0x00, 0x00, 0x00, 0x00, 0x00, 0x00, 0x00, 0x00, 0x00,
        0x00, 0x00, 0x00, 0x00, 0x00, 0x00, 0x00, 0x00, 0x00, 0x00, 0x00, 0x00, 0x00, 0x00, 0x00,
        0x00, 0x00, 0x00, 0x00, 0x20, 0x00, 0x00, 0x00, 0x00, 0x00, 0x00, 0x00, 0x07, 0xff, 0x00,
        0x00, 0x00, 0x00, 0x00, 0x00, 0x00, 0x3f, 0xff, 0xe0, 0x00, 0x00, 0x00, 0x00, 0x22, 0x22,
        0x7f, 0xff, 0xf0, 0x00, 0x00, 0x00, 0x01, 0x55, 0x55, 0xe0, 0x00, 0x38, 0x00, 0x00, 0x00,
        0x00, 0x80, 0x03, 0xea, 0xaa, 0xbe, 0x00, 0x00, 0x00, 0x01, 0x40, 0x03, 0x00, 0x00, 0x06,
        0x00, 0x00, 0x00, 0x02, 0x00, 0x07, 0xff, 0xff, 0xff, 0x00, 0x00, 0x00, 0x05, 0x00, 0x0f,
        0xff, 0xff, 0xff, 0x80, 0x00, 0x00, 0x00, 0x80, 0x1f, 0xff, 0xff, 0xff, 0xc0, 0x00, 0x00,
        0x01, 0x00, 0x1d, 0x55, 0x55, 0x55, 0xc0, 0x00, 0x00, 0x02, 0x00, 0x1a, 0xaa, 0xaa, 0xaa,
        0xc0, 0x00, 0x00, 0x01, 0x40, 0x35, 0x55, 0x55, 0x55, 0x60, 0x00, 0x00, 0x00, 0x80, 0x3a,
        0xaa, 0xaa, 0xaa, 0xe0, 0x00, 0x00, 0x00, 0x40, 0x30, 0x00, 0x00, 0x00, 0x70, 0x00, 0x00,
        0x00, 0x20, 0x3a, 0xaa, 0xaa, 0xaa, 0xe2, 0x00, 0x00, 0x00, 0x10, 0x3a, 0xaa, 0xaa, 0xaa,
        0xe5, 0x00, 0x00, 0x00, 0x08, 0x7f, 0xff, 0xff, 0xff, 0xf0, 0x80, 0x00, 0x00, 0x05, 0x3a,
        0xaa, 0xaa, 0xaa, 0xe0, 0x40, 0x00, 0x00, 0x02, 0x3f, 0xff, 0xff, 0xff, 0xe0, 0x20, 0x00,
        0x00, 0x00, 0x7f, 0xff, 0xff, 0xff, 0xe0, 0x10, 0x00, 0x00, 0x00, 0x3f, 0xff, 0xff, 0xff,
        0xe0, 0x08, 0x00, 0x00, 0x00, 0x35, 0x55, 0x55, 0x55, 0x60, 0x14, 0x00, 0x00, 0x00, 0x1a,
        0xaa, 0xaa, 0xaa, 0xc0, 0x02, 0x00, 0x00, 0x00, 0x1d, 0x55, 0x55, 0x55, 0xc0, 0x04, 0x00,
        0x00, 0x00, 0x1e, 0xaa, 0xaa, 0xab, 0xc0, 0x08, 0x00, 0x00, 0x00, 0x0e, 0x14, 0x00, 0x03,
        0x80, 0x05, 0x00, 0x00, 0x00, 0x06, 0xaa, 0xaa, 0xab, 0x00, 0x02, 0x00, 0x00, 0x00, 0x03,
        0xaa, 0xfe, 0xae, 0x00, 0x14, 0x00, 0x00, 0x00, 0x03, 0xff, 0xff, 0xfe, 0x00, 0x08, 0x00,
        0x00, 0x00, 0x00, 0xea, 0xab, 0xfd, 0x55, 0x54, 0x00, 0x00, 0x00, 0x00, 0x7f, 0xff, 0xf2,
        0x22, 0x20, 0x00, 0x00, 0x00, 0x00, 0x3f, 0xff, 0xe0, 0x00, 0x00, 0x00, 0x00, 0x00, 0x00,
        0x07, 0xff, 0x00, 0x00, 0x00, 0x00, 0x00, 0x00, 0x00, 0x00, 0x20, 0x00, 0x00, 0x00, 0x00,
        0x00, 0x00, 0x00, 0x00, 0x00, 0x00, 0x00, 0x00, 0x00, 0x00, 0x00, 0x00, 0x00, 0x00, 0x00,
        0x00, 0x00, 0x00, 0x00, 0x00, 0x00, 0x00, 0x00, 0x00, 0x00, 0x00, 0x00, 0x00, 0x00, 0x00,
        0x00, 0x00, 0x00, 0x00, 0x00, 0x00, 0x00, 0x00, 0x00, 0x00, 0x00, 0x00, 0x00, 0x00, 0x00,
        0x00, 0x00, 0x00, 0x00, 0x00, 0x00, 0x00, 0x00, 0x00, 0x00, 0x00, 0x00, 0x00, 0x00, 0x00,
        0x00, 0x00, 0x00, 0x00, 0x00, 0x00, 0x00, 0x00, 0x00, 0x00, 0x00, 0x00, 0x00, 0x00, 0x00,
        0x00, 0x00, 0x00, 0x00, 0x00, 0x00, 0x00, 0x00, 0x00, 0x00, 0x00, 0x00, 0x00, 0x00, 0x00,
        0x00, 0x00, 0x00, 0x00, 0x00, 0x00, 0x00, 0x00, 0x00, 0x00, 0x00, 0x00, 0x00, 0x00, 0x00,
        0x00, 0x00, 0x00, 0x00, 0x00, 0x00, 0x00, 0x00, 0x00, 0x00, 0x00, 0x00, 0x00, 0x00, 0x00,
        0x00, 0x00, 0x00, 0x00, 0x00, 0x00, 0x00, 0x00, 0x00, 0x00, 0x00, 0x00, 0x00, 0x00, 0x00,
        0x00, 0x00, 0x00, 0x00, 0x00, 0x00, 0x00, 0x00, 0x00, 0x00, 0x00, 0x00, 0x00, 0x00, 0x00,
        0x00, 0x00, 0x00, 0x00, 0x00, 0x00, 0x00, 0x00, 0x00, 0x00, 0x00, 0x00,
};

const lv_img_dsc_t crystal_20 = {
    .header.cf = LV_IMG_CF_INDEXED_1BIT,
    .header.always_zero = 0,
    .header.reserved = 0,
    .header.w = 69,
    .header.h = 68,
    .data_size = 620,
    .data = crystal_20_map,
};

/* ======================================================================
 * crystal_21 -- Crescent moon, stippled surface + craters + stars
 * (custom 69x68 1-bit art added alongside the original crystals; pick it
 *  with CONFIG_NICE_VIEW_GEM_ANIMATION_FRAME = 21)
 * ====================================================================== */
#ifndef LV_ATTRIBUTE_IMG_CRYSTAL_21
#define LV_ATTRIBUTE_IMG_CRYSTAL_21
#endif

const LV_ATTRIBUTE_MEM_ALIGN LV_ATTRIBUTE_LARGE_CONST LV_ATTRIBUTE_IMG_CRYSTAL_21 uint8_t
    crystal_21_map[] = {
#if CONFIG_NICE_VIEW_WIDGET_INVERTED
        0x00, 0x00, 0x00, 0xff, /*Color of index 0*/
        0xff, 0xff, 0xff, 0xff, /*Color of index 1*/
#else
        0xff, 0xff, 0xff, 0xff, /*Color of index 0*/
        0x00, 0x00, 0x00, 0xff, /*Color of index 1*/
#endif

        0x00, 0x00, 0x00, 0x00, 0x00, 0x00, 0x00, 0x00, 0x00, 0x00, 0x00, 0x00, 0x00, 0x00, 0x00,
        0x00, 0x00, 0x00, 0x00, 0x00, 0x00, 0x00, 0x00, 0x00, 0x00, 0x00, 0x00, 0x00, 0x00, 0x00,
        0x00, 0x00, 0x00, 0x00, 0x00, 0x00, 0x00, 0x00, 0x00, 0x00, 0x00, 0x00, 0x00, 0x00, 0x00,
        0x00, 0x00, 0x00, 0x00, 0x00, 0x00, 0x00, 0x00, 0x00, 0x00, 0x00, 0x00, 0x00, 0x00, 0x00,
        0x00, 0x00, 0x00, 0x00, 0x00, 0x00, 0x00, 0x00, 0x00, 0x00, 0x00, 0x00, 0x00, 0x00, 0x00,
        0x00, 0x00, 0x00, 0x00, 0x00, 0x00, 0x00, 0x00, 0x00, 0x00, 0x00, 0x00, 0x00, 0x00, 0x00,
        0x00, 0x00, 0x00, 0x00, 0x00, 0x00, 0x00, 0x00, 0x00, 0x00, 0x00, 0x00, 0x00, 0x00, 0x00,
        0x08, 0x00, 0x00, 0x00, 0x00, 0x00, 0x00, 0x00, 0x00, 0x08, 0x00, 0x00, 0x00, 0x00, 0x00,
        0x00, 0x00, 0x00, 0x08, 0x00, 0x00, 0x00, 0x00, 0x00, 0xf0, 0x00, 0x00, 0x7f, 0x00, 0x00,
        0x00, 0x00, 0x03, 0x60, 0x00, 0x00, 0x08, 0x00, 0x00, 0x00, 0x00, 0x0e, 0xc0, 0x00, 0x00,
        0x08, 0x00, 0x00, 0x00, 0x00, 0x35, 0x40, 0x00, 0x00, 0x08, 0x00, 0x00, 0x00, 0x00, 0x6a,
        0x80, 0x00, 0x00, 0x00, 0x00, 0x00, 0x00, 0x00, 0xd5, 0x80, 0x00, 0x00, 0x00, 0x00, 0x00,
        0x00, 0x01, 0xab, 0x00, 0x00, 0x00, 0x00, 0x00, 0x00, 0x00, 0x03, 0x55, 0x00, 0x00, 0x00,
        0x00, 0x00, 0x00, 0x00, 0x06, 0xaa, 0x00, 0x00, 0x00, 0x00, 0x00, 0x00, 0x00, 0x05, 0x5e,
        0x00, 0x00, 0x00, 0x00, 0x00, 0x00, 0x00, 0x0a, 0xb8, 0x00, 0x00, 0x00, 0x00, 0x00, 0x00,
        0x00, 0x0d, 0x70, 0x00, 0x00, 0x00, 0x00, 0x00, 0x00, 0x00, 0x1a, 0xe0, 0x00, 0x00, 0x00,
        0x00, 0x00, 0x00, 0x00, 0x15, 0x40, 0x00, 0x00, 0x00, 0x00, 0x00, 0x00, 0x00, 0x2a, 0xc0,
        0x00, 0x00, 0x00, 0x00, 0x20, 0x00, 0x00, 0x35, 0x40, 0x00, 0x00, 0x00, 0x00, 0x20, 0x00,
        0x00, 0x2a, 0xe0, 0x00, 0x00, 0x00, 0x00, 0xf8, 0x00, 0x00, 0x35, 0x70, 0x00, 0x00, 0x00,
        0x00, 0x20, 0x00, 0x00, 0x2a, 0xb8, 0x00, 0x00, 0x00, 0x00, 0x20, 0x00, 0x00, 0x35, 0x5e,
        0x00, 0x00, 0x00, 0x00, 0x00, 0x00, 0x00, 0x6a, 0xaa, 0x00, 0x00, 0x00, 0x00, 0x00, 0x00,
        0x00, 0x35, 0x55, 0x00, 0x00, 0x00, 0x00, 0x00, 0x00, 0x00, 0x2b, 0xeb, 0x00, 0x00, 0x00,
        0x00, 0x00, 0x00, 0x00, 0x36, 0x35, 0x80, 0x00, 0x00, 0x00, 0x00, 0x00, 0x00, 0x2c, 0x1a,
        0x80, 0x00, 0x00, 0x00, 0x00, 0x00, 0x00, 0x38, 0x0d, 0x40, 0x00, 0x00, 0x00, 0x00, 0x00,
        0x00, 0x28, 0x0a, 0xc0, 0x00, 0x00, 0x00, 0x00, 0x00, 0x00, 0x18, 0x0d, 0x60, 0x00, 0x00,
        0x00, 0x00, 0x00, 0x00, 0x1c, 0x1a, 0xb0, 0x00, 0x00, 0x00, 0x00, 0x00, 0x00, 0x0e, 0x35,
        0xf8, 0x00, 0x00, 0x00, 0x00, 0x00, 0x00, 0x0b, 0xeb, 0xdc, 0x00, 0x00, 0x00, 0x00, 0x00,
        0x00, 0x05, 0x55, 0x8f, 0x00, 0x00, 0x80, 0x00, 0x00, 0x00, 0x06, 0xab, 0x06, 0xc0, 0x00,
        0x80, 0x00, 0x00, 0x00, 0x03, 0x55, 0x8d, 0x70, 0x03, 0xe0, 0x00, 0x00, 0x00, 0x01, 0xab,
        0xde, 0xaf, 0xdc, 0x80, 0x00, 0x00, 0x00, 0x00, 0xd5, 0xfd, 0x55, 0x78, 0x80, 0x04, 0x00,
        0x00, 0x00, 0x6a, 0xaa, 0xaa, 0xb0, 0x00, 0x0e, 0x00, 0x00, 0x00, 0x35, 0x55, 0x55, 0x60,
        0x00, 0x04, 0x00, 0x00, 0x00, 0x0e, 0xaa, 0xab, 0x80, 0x00, 0x00, 0x00, 0x00, 0x00, 0x03,
        0x55, 0x56, 0x00, 0x00, 0x00, 0x00, 0x00, 0x00, 0x00, 0xff, 0xf8, 0x00, 0x00, 0x00, 0x00,
        0x00, 0x00, 0x00, 0x02, 0x00, 0x00, 0x00, 0x00, 0x00, 0x00, 0x00, 0x00, 0x00, 0x00, 0x00,
        0x00, 0x00, 0x00, 0x00, 0x00, 0x00, 0x00, 0x00, 0x00, 0x00, 0x00, 0x00, 0x00, 0x00, 0x00,
        0x00, 0x00, 0x00, 0x00, 0x00, 0x00, 0x00, 0x00, 0x00, 0x00, 0x00, 0x00, 0x00, 0x00, 0x00,
        0x00, 0x00, 0x00, 0x00, 0x00, 0x00, 0x00, 0x00, 0x00, 0x00, 0x00, 0x00, 0x00, 0x00, 0x00,
        0x00, 0x00, 0x00, 0x00, 0x00, 0x00, 0x00, 0x00, 0x00, 0x00, 0x00, 0x00, 0x00, 0x00, 0x00,
        0x00, 0x00, 0x00, 0x00, 0x00, 0x00, 0x00, 0x00, 0x00, 0x00, 0x00, 0x00, 0x00, 0x00, 0x00,
        0x00, 0x00, 0x00, 0x00, 0x00, 0x00, 0x00, 0x00, 0x00, 0x00, 0x00, 0x00, 0x00, 0x00, 0x00,
        0x00, 0x00, 0x00, 0x00, 0x00, 0x00, 0x00, 0x00, 0x00, 0x00, 0x00, 0x00,
};

const lv_img_dsc_t crystal_21 = {
    .header.cf = LV_IMG_CF_INDEXED_1BIT,
    .header.always_zero = 0,
    .header.reserved = 0,
    .header.w = 69,
    .header.h = 68,
    .data_size = 620,
    .data = crystal_21_map,
};

/* ======================================================================
 * crystal_22 -- Brilliant-cut gem; facets shaded by hatch density
 * (custom 69x68 1-bit art added alongside the original crystals; pick it
 *  with CONFIG_NICE_VIEW_GEM_ANIMATION_FRAME = 22)
 * ====================================================================== */
#ifndef LV_ATTRIBUTE_IMG_CRYSTAL_22
#define LV_ATTRIBUTE_IMG_CRYSTAL_22
#endif

const LV_ATTRIBUTE_MEM_ALIGN LV_ATTRIBUTE_LARGE_CONST LV_ATTRIBUTE_IMG_CRYSTAL_22 uint8_t
    crystal_22_map[] = {
#if CONFIG_NICE_VIEW_WIDGET_INVERTED
        0x00, 0x00, 0x00, 0xff, /*Color of index 0*/
        0xff, 0xff, 0xff, 0xff, /*Color of index 1*/
#else
        0xff, 0xff, 0xff, 0xff, /*Color of index 0*/
        0x00, 0x00, 0x00, 0xff, /*Color of index 1*/
#endif

        0x00, 0x00, 0x00, 0x00, 0x00, 0x00, 0x00, 0x00, 0x00, 0x00, 0x00, 0x00, 0x00, 0x00, 0x00,
        0x00, 0x00, 0x00, 0x00, 0x00, 0x00, 0x00, 0x00, 0x00, 0x00, 0x00, 0x00, 0x00, 0x00, 0x00,
        0x00, 0x00, 0x00, 0x00, 0x00, 0x00, 0x00, 0x00, 0x00, 0x00, 0x00, 0x00, 0x00, 0x00, 0x00,
        0x00, 0x00, 0x00, 0x00, 0x00, 0x00, 0x00, 0x00, 0x00, 0x00, 0x00, 0x00, 0x00, 0x00, 0x00,
        0x00, 0x00, 0x00, 0x00, 0x00, 0x00, 0x00, 0x00, 0x00, 0x00, 0x00, 0x00, 0x00, 0x00, 0x00,
        0xff, 0xff, 0xf8, 0x00, 0x00, 0x00, 0x00, 0x00, 0x01, 0x51, 0x04, 0x54, 0x00, 0x00, 0x00,
        0x00, 0x00, 0x02, 0xea, 0xaa, 0xba, 0x00, 0x00, 0x00, 0x00, 0x00, 0x04, 0x64, 0x51, 0x31,
        0x00, 0x00, 0x00, 0x00, 0x00, 0x0a, 0xaa, 0xaa, 0xaa, 0x80, 0x00, 0x00, 0x00, 0x00, 0x11,
        0x11, 0x04, 0x44, 0x40, 0x00, 0x00, 0x00, 0x00, 0x2a, 0xba, 0xaa, 0xea, 0xa0, 0x00, 0x00,
        0x00, 0x00, 0x44, 0x4c, 0x51, 0x91, 0x10, 0x00, 0x00, 0x00, 0x00, 0x8a, 0xaa, 0xaa, 0xaa,
        0x88, 0x00, 0x00, 0x00, 0x01, 0x11, 0x15, 0x05, 0x44, 0x44, 0x00, 0x00, 0x00, 0x02, 0x2a,
        0xaa, 0xaa, 0xaa, 0xa2, 0x00, 0x00, 0x00, 0x04, 0x44, 0x46, 0x53, 0x11, 0x11, 0x00, 0x00,
        0x00, 0x08, 0xaa, 0xab, 0xae, 0xaa, 0xa8, 0x80, 0x00, 0x00, 0x11, 0x11, 0x11, 0x04, 0x44,
        0x44, 0x40, 0x00, 0x00, 0x22, 0xaa, 0xaa, 0xaa, 0xaa, 0xaa, 0x20, 0x00, 0x00, 0x44, 0x44,
        0x44, 0xd9, 0x11, 0x11, 0x10, 0x00, 0x00, 0x8a, 0xaa, 0xaa, 0xfa, 0xaa, 0xaa, 0x88, 0x00,
        0x01, 0x11, 0x11, 0x11, 0x54, 0x44, 0x44, 0x44, 0x00, 0x03, 0xff, 0xff, 0xff, 0xff, 0xff,
        0xff, 0xfe, 0x00, 0x01, 0x55, 0x55, 0x55, 0x6a, 0xaa, 0xaa, 0xac, 0x00, 0x00, 0xaa, 0xaa,
        0xaa, 0xbf, 0xff, 0xff, 0xf8, 0x00, 0x00, 0xd5, 0x55, 0x55, 0x6a, 0xaa, 0xaa, 0xa8, 0x00,
        0x00, 0x6a, 0xaa, 0xaa, 0xbf, 0xff, 0xff, 0xf0, 0x00, 0x00, 0x35, 0x55, 0x55, 0x6a, 0xaa,
        0xaa, 0xa0, 0x00, 0x00, 0x1a, 0xaa, 0xaa, 0xbf, 0xff, 0xff, 0xc0, 0x00, 0x00, 0x0d, 0x55,
        0x55, 0x6a, 0xaa, 0xaa, 0x80, 0x00, 0x00, 0x06, 0xaa, 0xaa, 0xbf, 0xff, 0xff, 0x00, 0x00,
        0x00, 0x05, 0x55, 0x55, 0x6a, 0xaa, 0xab, 0x00, 0x00, 0x00, 0x02, 0xaa, 0xaa, 0xbf, 0xff,
        0xfe, 0x00, 0x00, 0x00, 0x01, 0x55, 0x55, 0x6a, 0xaa, 0xac, 0x00, 0x00, 0x00, 0x00, 0xaa,
        0xaa, 0xbf, 0xff, 0xf8, 0x00, 0x00, 0x00, 0x00, 0x55, 0x55, 0x6a, 0xaa, 0xb0, 0x00, 0x00,
        0x00, 0x00, 0x2a, 0xaa, 0xbf, 0xff, 0xe0, 0x00, 0x00, 0x00, 0x00, 0x35, 0x55, 0x6a, 0xaa,
        0xa0, 0x00, 0x00, 0x00, 0x00, 0x1a, 0xaa, 0xbf, 0xff, 0xc0, 0x00, 0x00, 0x00, 0x00, 0x0d,
        0x55, 0x6a, 0xaa, 0x80, 0x00, 0x00, 0x00, 0x00, 0x06, 0xaa, 0xbf, 0xff, 0x00, 0x00, 0x00,
        0x00, 0x00, 0x03, 0x55, 0x6a, 0xaa, 0x00, 0x00, 0x00, 0x00, 0x00, 0x02, 0xaa, 0xbf, 0xfe,
        0x00, 0x00, 0x00, 0x00, 0x00, 0x01, 0x55, 0x6a, 0xac, 0x00, 0x00, 0x00, 0x00, 0x00, 0x00,
        0xaa, 0xbf, 0xf8, 0x00, 0x00, 0x00, 0x00, 0x00, 0x00, 0x55, 0x6a, 0xb0, 0x00, 0x00, 0x00,
        0x00, 0x00, 0x00, 0x2a, 0xbf, 0xe0, 0x00, 0x00, 0x00, 0x00, 0x00, 0x00, 0x15, 0x6a, 0xc0,
        0x00, 0x00, 0x00, 0x00, 0x00, 0x00, 0x1a, 0xbf, 0xc0, 0x00, 0x00, 0x00, 0x00, 0x00, 0x00,
        0x0d, 0x6a, 0x80, 0x00, 0x00, 0x00, 0x00, 0x00, 0x00, 0x06, 0xbf, 0x00, 0x00, 0x00, 0x00,
        0x00, 0x00, 0x00, 0x03, 0x6a, 0x00, 0x00, 0x00, 0x00, 0x00, 0x00, 0x00, 0x01, 0xbc, 0x00,
        0x00, 0x00, 0x00, 0x00, 0x00, 0x00, 0x00, 0xe8, 0x00, 0x00, 0x00, 0x00, 0x00, 0x00, 0x00,
        0x00, 0xb8, 0x00, 0x00, 0x00, 0x00, 0x00, 0x00, 0x00, 0x00, 0x70, 0x00, 0x00, 0x00, 0x00,
        0x00, 0x00, 0x00, 0x00, 0x20, 0x00, 0x00, 0x00, 0x00, 0x00, 0x00, 0x00, 0x00, 0x00, 0x00,
        0x00, 0x00, 0x00, 0x00, 0x00, 0x00, 0x00, 0x00, 0x00, 0x00, 0x00, 0x00, 0x00, 0x00, 0x00,
        0x00, 0x00, 0x00, 0x00, 0x00, 0x00, 0x00, 0x00, 0x00, 0x00, 0x00, 0x00, 0x00, 0x00, 0x00,
        0x00, 0x00, 0x00, 0x00, 0x00, 0x00, 0x00, 0x00, 0x00, 0x00, 0x00, 0x00, 0x00, 0x00, 0x00,
        0x00, 0x00, 0x00, 0x00, 0x00, 0x00, 0x00, 0x00, 0x00, 0x00, 0x00, 0x00,
};

const lv_img_dsc_t crystal_22 = {
    .header.cf = LV_IMG_CF_INDEXED_1BIT,
    .header.always_zero = 0,
    .header.reserved = 0,
    .header.w = 69,
    .header.h = 68,
    .data_size = 620,
    .data = crystal_22_map,
};

/* ======================================================================
 * crystal_23 -- Lightning bolt: solid core with hatched glow fringe
 * (custom 69x68 1-bit art added alongside the original crystals; pick it
 *  with CONFIG_NICE_VIEW_GEM_ANIMATION_FRAME = 23)
 * ====================================================================== */
#ifndef LV_ATTRIBUTE_IMG_CRYSTAL_23
#define LV_ATTRIBUTE_IMG_CRYSTAL_23
#endif

const LV_ATTRIBUTE_MEM_ALIGN LV_ATTRIBUTE_LARGE_CONST LV_ATTRIBUTE_IMG_CRYSTAL_23 uint8_t
    crystal_23_map[] = {
#if CONFIG_NICE_VIEW_WIDGET_INVERTED
        0x00, 0x00, 0x00, 0xff, /*Color of index 0*/
        0xff, 0xff, 0xff, 0xff, /*Color of index 1*/
#else
        0xff, 0xff, 0xff, 0xff, /*Color of index 0*/
        0x00, 0x00, 0x00, 0xff, /*Color of index 1*/
#endif

        0x00, 0x00, 0x00, 0x00, 0x00, 0x08, 0x80, 0x00, 0x00, 0x00, 0x00, 0x00, 0x00, 0x00, 0x11,
        0x00, 0x00, 0x00, 0x00, 0x00, 0x00, 0x00, 0x00, 0x22, 0x00, 0x00, 0x00, 0x00, 0x00, 0x00,
        0x00, 0x00, 0x44, 0x00, 0x00, 0x00, 0x00, 0x00, 0x00, 0x00, 0x00, 0xfe, 0x00, 0x00, 0x00,
        0x00, 0x00, 0x00, 0x00, 0x01, 0xfc, 0x00, 0x00, 0x00, 0x00, 0x00, 0x00, 0x00, 0x03, 0xfe,
        0x00, 0x00, 0x00, 0x00, 0x00, 0x00, 0x00, 0x05, 0xfc, 0x00, 0x00, 0x00, 0x00, 0x00, 0x00,
        0x00, 0x0b, 0xf8, 0x00, 0x00, 0x00, 0x00, 0x00, 0x00, 0x00, 0x13, 0xf0, 0x00, 0x00, 0x00,
        0x00, 0x00, 0x00, 0x00, 0x07, 0xf0, 0x00, 0x00, 0x00, 0x00, 0x00, 0x00, 0x00, 0x0f, 0xf0,
        0x00, 0x00, 0x00, 0x00, 0x00, 0x00, 0x00, 0x0f, 0xe0, 0x00, 0x00, 0x00, 0x00, 0x00, 0x00,
        0x00, 0x1f, 0xf0, 0x00, 0x00, 0x00, 0x00, 0x00, 0x00, 0x00, 0x3f, 0xe0, 0x00, 0x00, 0x00,
        0x00, 0x00, 0x00, 0x00, 0x7f, 0xc0, 0x00, 0x00, 0x00, 0x00, 0x00, 0x00, 0x00, 0xff, 0xc0,
        0x00, 0x00, 0x00, 0x00, 0x00, 0x00, 0x01, 0x7f, 0x80, 0x00, 0x00, 0x00, 0x00, 0x00, 0x00,
        0x02, 0xff, 0x80, 0x00, 0x00, 0x00, 0x00, 0x00, 0x00, 0x04, 0xff, 0x00, 0x00, 0x00, 0x00,
        0x00, 0x00, 0x00, 0x09, 0xff, 0x00, 0x00, 0x00, 0x00, 0x00, 0x00, 0x00, 0x13, 0xff, 0x00,
        0x00, 0x00, 0x00, 0x00, 0x00, 0x00, 0x03, 0xfe, 0x00, 0x00, 0x00, 0x00, 0x00, 0x00, 0x00,
        0x07, 0xfe, 0x00, 0x00, 0x00, 0x00, 0x00, 0x00, 0x00, 0x0f, 0xfc, 0x00, 0x00, 0x00, 0x00,
        0x00, 0x00, 0x00, 0x1f, 0xfc, 0x00, 0x00, 0x00, 0x00, 0x00, 0x00, 0x00, 0x2f, 0xf8, 0x00,
        0x00, 0x00, 0x00, 0x00, 0x00, 0x00, 0x5f, 0xf8, 0x00, 0x00, 0x00, 0x00, 0x00, 0x00, 0x00,
        0xbf, 0xff, 0xff, 0xe8, 0x00, 0x00, 0x00, 0x00, 0x01, 0x3f, 0xff, 0xff, 0xd0, 0x00, 0x00,
        0x00, 0x00, 0x02, 0x7f, 0xff, 0xff, 0xa0, 0x00, 0x00, 0x00, 0x00, 0x04, 0x7f, 0xff, 0xff,
        0x40, 0x00, 0x00, 0x00, 0x00, 0x08, 0xff, 0xff, 0xff, 0x80, 0x00, 0x00, 0x00, 0x00, 0x01,
        0xff, 0xff, 0xff, 0x00, 0x00, 0x00, 0x00, 0x00, 0x03, 0xff, 0xff, 0xfe, 0x00, 0x00, 0x00,
        0x00, 0x00, 0x07, 0xff, 0xff, 0xfc, 0x40, 0x00, 0x00, 0x00, 0x00, 0x0b, 0xff, 0xff, 0xf8,
        0x80, 0x00, 0x00, 0x00, 0x00, 0x17, 0xff, 0xff, 0xf1, 0x00, 0x00, 0x00, 0x00, 0x00, 0x22,
        0x22, 0x7f, 0xe2, 0x00, 0x00, 0x00, 0x00, 0x00, 0x44, 0x44, 0x7f, 0xe4, 0x00, 0x00, 0x00,
        0x00, 0x00, 0x00, 0x00, 0x7f, 0xc8, 0x00, 0x00, 0x00, 0x00, 0x00, 0x00, 0x00, 0xff, 0x90,
        0x00, 0x00, 0x00, 0x00, 0x00, 0x00, 0x00, 0xff, 0x20, 0x00, 0x00, 0x00, 0x00, 0x00, 0x00,
        0x00, 0xff, 0x40, 0x00, 0x00, 0x00, 0x00, 0x00, 0x00, 0x01, 0xfe, 0x80, 0x00, 0x00, 0x00,
        0x00, 0x00, 0x00, 0x01, 0xfd, 0x00, 0x00, 0x00, 0x00, 0x00, 0x00, 0x00, 0x03, 0xfe, 0x00,
        0x00, 0x00, 0x00, 0x00, 0x00, 0x00, 0x03, 0xfc, 0x00, 0x00, 0x00, 0x00, 0x00, 0x00, 0x00,
        0x03, 0xf8, 0x00, 0x00, 0x00, 0x00, 0x00, 0x00, 0x00, 0x03, 0xf0, 0x00, 0x00, 0x00, 0x00,
        0x00, 0x00, 0x00, 0x07, 0xe0, 0x00, 0x00, 0x00, 0x00, 0x00, 0x00, 0x00, 0x07, 0xc0, 0x00,
        0x00, 0x00, 0x00, 0x00, 0x00, 0x00, 0x0f, 0x80, 0x00, 0x00, 0x00, 0x00, 0x00, 0x00, 0x00,
        0x1f, 0x00, 0x00, 0x00, 0x00, 0x00, 0x00, 0x00, 0x00, 0x0f, 0x00, 0x00, 0x00, 0x00, 0x00,
        0x00, 0x00, 0x00, 0x0e, 0x00, 0x00, 0x00, 0x00, 0x00, 0x00, 0x00, 0x00, 0x1c, 0x80, 0x00,
        0x00, 0x00, 0x00, 0x00, 0x00, 0x00, 0x1d, 0x00, 0x00, 0x00, 0x00, 0x00, 0x00, 0x00, 0x00,
        0x3a, 0x00, 0x00, 0x00, 0x00, 0x00, 0x00, 0x00, 0x00, 0x74, 0x00, 0x00, 0x00, 0x00, 0x00,
        0x00, 0x00, 0x00, 0x28, 0x00, 0x00, 0x00, 0x00, 0x00, 0x00, 0x00, 0x00, 0x30, 0x00, 0x00,
        0x00, 0x00, 0x00, 0x00, 0x00, 0x00, 0x60, 0x00, 0x00, 0x00, 0x00, 0x00, 0x00, 0x00, 0x00,
        0x40, 0x00, 0x00, 0x00, 0x00, 0x00, 0x00, 0x00, 0x00, 0x80, 0x00, 0x00, 0x00, 0x00, 0x00,
        0x00, 0x00, 0x01, 0x00, 0x00, 0x00, 0x00, 0x00, 0x00, 0x00, 0x00, 0x02, 0x00, 0x00, 0x00,
        0x00, 0x00, 0x00, 0x00, 0x00, 0x00, 0x00, 0x00, 0x00, 0x00, 0x00, 0x00,
};

const lv_img_dsc_t crystal_23 = {
    .header.cf = LV_IMG_CF_INDEXED_1BIT,
    .header.always_zero = 0,
    .header.reserved = 0,
    .header.w = 69,
    .header.h = 68,
    .data_size = 620,
    .data = crystal_23_map,
};

/* ======================================================================
 * crystal_24 -- Retro space-invader alien (crisp solid silhouette)
 * (custom 69x68 1-bit art added alongside the original crystals; pick it
 *  with CONFIG_NICE_VIEW_GEM_ANIMATION_FRAME = 24)
 * ====================================================================== */
#ifndef LV_ATTRIBUTE_IMG_CRYSTAL_24
#define LV_ATTRIBUTE_IMG_CRYSTAL_24
#endif

const LV_ATTRIBUTE_MEM_ALIGN LV_ATTRIBUTE_LARGE_CONST LV_ATTRIBUTE_IMG_CRYSTAL_24 uint8_t
    crystal_24_map[] = {
#if CONFIG_NICE_VIEW_WIDGET_INVERTED
        0x00, 0x00, 0x00, 0xff, /*Color of index 0*/
        0xff, 0xff, 0xff, 0xff, /*Color of index 1*/
#else
        0xff, 0xff, 0xff, 0xff, /*Color of index 0*/
        0x00, 0x00, 0x00, 0xff, /*Color of index 1*/
#endif

        0x00, 0x00, 0x00, 0x00, 0x00, 0x00, 0x00, 0x00, 0x00, 0x00, 0x00, 0x00, 0x00, 0x00, 0x00,
        0x00, 0x00, 0x00, 0x00, 0x00, 0x00, 0x00, 0x00, 0x00, 0x00, 0x00, 0x00, 0x00, 0x00, 0x00,
        0x00, 0x00, 0x00, 0x00, 0x00, 0x00, 0x00, 0x00, 0x00, 0x00, 0x00, 0x00, 0x00, 0x00, 0x00,
        0x00, 0x00, 0x00, 0x00, 0x00, 0x00, 0x00, 0x00, 0x00, 0x00, 0x00, 0x00, 0x00, 0x00, 0x00,
        0x00, 0x00, 0x00, 0x00, 0x00, 0x00, 0x00, 0x00, 0x00, 0x00, 0x00, 0x00, 0x00, 0x00, 0x00,
        0x00, 0x00, 0x00, 0x00, 0x00, 0x00, 0x00, 0x00, 0x00, 0x00, 0x00, 0x00, 0x00, 0x00, 0x00,
        0x00, 0x07, 0xe0, 0x00, 0x00, 0x00, 0x7e, 0x00, 0x00, 0x00, 0x07, 0xe0, 0x00, 0x00, 0x00,
        0x7e, 0x00, 0x00, 0x00, 0x07, 0xe0, 0x00, 0x00, 0x00, 0x7e, 0x00, 0x00, 0x00, 0x07, 0xe0,
        0x00, 0x00, 0x00, 0x7e, 0x00, 0x00, 0x00, 0x07, 0xe0, 0x00, 0x00, 0x00, 0x7e, 0x00, 0x00,
        0x00, 0x07, 0xe0, 0x00, 0x00, 0x00, 0x7e, 0x00, 0x00, 0x00, 0x00, 0x1f, 0x80, 0x00, 0x1f,
        0x80, 0x00, 0x00, 0x00, 0x00, 0x1f, 0x80, 0x00, 0x1f, 0x80, 0x00, 0x00, 0x00, 0x00, 0x1f,
        0x80, 0x00, 0x1f, 0x80, 0x00, 0x00, 0x00, 0x00, 0x1f, 0x80, 0x00, 0x1f, 0x80, 0x00, 0x00,
        0x00, 0x00, 0x1f, 0x80, 0x00, 0x1f, 0x80, 0x00, 0x00, 0x00, 0x00, 0x1f, 0x80, 0x00, 0x1f,
        0x80, 0x00, 0x00, 0x00, 0x07, 0xff, 0xff, 0xff, 0xff, 0xfe, 0x00, 0x00, 0x00, 0x07, 0xff,
        0xff, 0xff, 0xff, 0xfe, 0x00, 0x00, 0x00, 0x07, 0xff, 0xff, 0xff, 0xff, 0xfe, 0x00, 0x00,
        0x00, 0x07, 0xff, 0xff, 0xff, 0xff, 0xfe, 0x00, 0x00, 0x00, 0x07, 0xff, 0xff, 0xff, 0xff,
        0xfe, 0x00, 0x00, 0x00, 0x07, 0xff, 0xff, 0xff, 0xff, 0xfe, 0x00, 0x00, 0x01, 0xff, 0xe0,
        0x7f, 0xff, 0xe0, 0x7f, 0xf8, 0x00, 0x01, 0xff, 0xe0, 0x7f, 0xff, 0xe0, 0x7f, 0xf8, 0x00,
        0x01, 0xff, 0xe0, 0x7f, 0xff, 0xe0, 0x7f, 0xf8, 0x00, 0x01, 0xff, 0xe0, 0x7f, 0xff, 0xe0,
        0x7f, 0xf8, 0x00, 0x01, 0xff, 0xe0, 0x7f, 0xff, 0xe0, 0x7f, 0xf8, 0x00, 0x01, 0xff, 0xe0,
        0x7f, 0xff, 0xe0, 0x7f, 0xf8, 0x00, 0x7f, 0xff, 0xff, 0xff, 0xff, 0xff, 0xff, 0xff, 0xe0,
        0x7f, 0xff, 0xff, 0xff, 0xff, 0xff, 0xff, 0xff, 0xe0, 0x7f, 0xff, 0xff, 0xff, 0xff, 0xff,
        0xff, 0xff, 0xe0, 0x7f, 0xff, 0xff, 0xff, 0xff, 0xff, 0xff, 0xff, 0xe0, 0x7f, 0xff, 0xff,
        0xff, 0xff, 0xff, 0xff, 0xff, 0xe0, 0x7f, 0xff, 0xff, 0xff, 0xff, 0xff, 0xff, 0xff, 0xe0,
        0x7e, 0x07, 0xff, 0xff, 0xff, 0xff, 0xfe, 0x07, 0xe0, 0x7e, 0x07, 0xff, 0xff, 0xff, 0xff,
        0xfe, 0x07, 0xe0, 0x7e, 0x07, 0xff, 0xff, 0xff, 0xff, 0xfe, 0x07, 0xe0, 0x7e, 0x07, 0xff,
        0xff, 0xff, 0xff, 0xfe, 0x07, 0xe0, 0x7e, 0x07, 0xff, 0xff, 0xff, 0xff, 0xfe, 0x07, 0xe0,
        0x7e, 0x07, 0xff, 0xff, 0xff, 0xff, 0xfe, 0x07, 0xe0, 0x7e, 0x07, 0xe0, 0x00, 0x00, 0x00,
        0x7e, 0x07, 0xe0, 0x7e, 0x07, 0xe0, 0x00, 0x00, 0x00, 0x7e, 0x07, 0xe0, 0x7e, 0x07, 0xe0,
        0x00, 0x00, 0x00, 0x7e, 0x07, 0xe0, 0x7e, 0x07, 0xe0, 0x00, 0x00, 0x00, 0x7e, 0x07, 0xe0,
        0x7e, 0x07, 0xe0, 0x00, 0x00, 0x00, 0x7e, 0x07, 0xe0, 0x7e, 0x07, 0xe0, 0x00, 0x00, 0x00,
        0x7e, 0x07, 0xe0, 0x00, 0x00, 0x1f, 0xfe, 0x07, 0xff, 0x80, 0x00, 0x00, 0x00, 0x00, 0x1f,
        0xfe, 0x07, 0xff, 0x80, 0x00, 0x00, 0x00, 0x00, 0x1f, 0xfe, 0x07, 0xff, 0x80, 0x00, 0x00,
        0x00, 0x00, 0x1f, 0xfe, 0x07, 0xff, 0x80, 0x00, 0x00, 0x00, 0x00, 0x1f, 0xfe, 0x07, 0xff,
        0x80, 0x00, 0x00, 0x00, 0x00, 0x1f, 0xfe, 0x07, 0xff, 0x80, 0x00, 0x00, 0x00, 0x00, 0x00,
        0x00, 0x00, 0x00, 0x00, 0x00, 0x00, 0x00, 0x00, 0x00, 0x00, 0x00, 0x00, 0x00, 0x00, 0x00,
        0x00, 0x00, 0x00, 0x00, 0x00, 0x00, 0x00, 0x00, 0x00, 0x00, 0x00, 0x00, 0x00, 0x00, 0x00,
        0x00, 0x00, 0x00, 0x00, 0x00, 0x00, 0x00, 0x00, 0x00, 0x00, 0x00, 0x00, 0x00, 0x00, 0x00,
        0x00, 0x00, 0x00, 0x00, 0x00, 0x00, 0x00, 0x00, 0x00, 0x00, 0x00, 0x00, 0x00, 0x00, 0x00,
        0x00, 0x00, 0x00, 0x00, 0x00, 0x00, 0x00, 0x00, 0x00, 0x00, 0x00, 0x00, 0x00, 0x00, 0x00,
        0x00, 0x00, 0x00, 0x00, 0x00, 0x00, 0x00, 0x00, 0x00, 0x00, 0x00, 0x00,
};

const lv_img_dsc_t crystal_24 = {
    .header.cf = LV_IMG_CF_INDEXED_1BIT,
    .header.always_zero = 0,
    .header.reserved = 0,
    .header.w = 69,
    .header.h = 68,
    .data_size = 620,
    .data = crystal_24_map,
};

/* ======================================================================
 * crystal_25 -- Skull & crossbones (solid silhouette)
 * (custom 69x68 1-bit art added alongside the original crystals; pick it
 *  with CONFIG_NICE_VIEW_GEM_ANIMATION_FRAME = 25)
 * ====================================================================== */
#ifndef LV_ATTRIBUTE_IMG_CRYSTAL_25
#define LV_ATTRIBUTE_IMG_CRYSTAL_25
#endif

const LV_ATTRIBUTE_MEM_ALIGN LV_ATTRIBUTE_LARGE_CONST LV_ATTRIBUTE_IMG_CRYSTAL_25 uint8_t
    crystal_25_map[] = {
#if CONFIG_NICE_VIEW_WIDGET_INVERTED
        0x00, 0x00, 0x00, 0xff, /*Color of index 0*/
        0xff, 0xff, 0xff, 0xff, /*Color of index 1*/
#else
        0xff, 0xff, 0xff, 0xff, /*Color of index 0*/
        0x00, 0x00, 0x00, 0xff, /*Color of index 1*/
#endif

        0x00, 0x00, 0x00, 0x00, 0x00, 0x00, 0x00, 0x00, 0x00, 0x00, 0x00, 0x00, 0x00, 0x00, 0x00,
        0x00, 0x00, 0x00, 0x00, 0x03, 0xff, 0xff, 0xff, 0xff, 0xfc, 0x00, 0x00, 0x00, 0x03, 0xff,
        0xff, 0xff, 0xff, 0xfc, 0x00, 0x00, 0x00, 0x03, 0xff, 0xff, 0xff, 0xff, 0xfc, 0x00, 0x00,
        0x00, 0x03, 0xff, 0xff, 0xff, 0xff, 0xfc, 0x00, 0x00, 0x00, 0x03, 0xff, 0xff, 0xff, 0xff,
        0xfc, 0x00, 0x00, 0x00, 0x7f, 0xff, 0xff, 0xff, 0xff, 0xff, 0xe0, 0x00, 0x00, 0x7f, 0xff,
        0xff, 0xff, 0xff, 0xff, 0xe0, 0x00, 0x00, 0x7f, 0xff, 0xff, 0xff, 0xff, 0xff, 0xe0, 0x00,
        0x00, 0x7f, 0xff, 0xff, 0xff, 0xff, 0xff, 0xe0, 0x00, 0x00, 0x7f, 0xff, 0xff, 0xff, 0xff,
        0xff, 0xe0, 0x00, 0x0f, 0xff, 0xff, 0xff, 0xff, 0xff, 0xff, 0xff, 0x00, 0x0f, 0xff, 0xff,
        0xff, 0xff, 0xff, 0xff, 0xff, 0x00, 0x0f, 0xff, 0xff, 0xff, 0xff, 0xff, 0xff, 0xff, 0x00,
        0x0f, 0xff, 0xff, 0xff, 0xff, 0xff, 0xff, 0xff, 0x00, 0x0f, 0xff, 0xff, 0xff, 0xff, 0xff,
        0xff, 0xff, 0x00, 0x0f, 0xfc, 0x1f, 0xf8, 0x01, 0xff, 0x83, 0xff, 0x00, 0x0f, 0xfc, 0x1f,
        0xf8, 0x01, 0xff, 0x83, 0xff, 0x00, 0x0f, 0xfc, 0x1f, 0xf8, 0x01, 0xff, 0x83, 0xff, 0x00,
        0x0f, 0xfc, 0x1f, 0xf8, 0x01, 0xff, 0x83, 0xff, 0x00, 0x0f, 0xfc, 0x1f, 0xf8, 0x01, 0xff,
        0x83, 0xff, 0x00, 0x0f, 0xfc, 0x1f, 0xf8, 0x01, 0xff, 0x83, 0xff, 0x00, 0x0f, 0xfc, 0x1f,
        0xf8, 0x01, 0xff, 0x83, 0xff, 0x00, 0x0f, 0xfc, 0x1f, 0xf8, 0x01, 0xff, 0x83, 0xff, 0x00,
        0x0f, 0xfc, 0x1f, 0xf8, 0x01, 0xff, 0x83, 0xff, 0x00, 0x0f, 0xfc, 0x1f, 0xf8, 0x01, 0xff,
        0x83, 0xff, 0x00, 0x0f, 0xff, 0xff, 0xff, 0xff, 0xff, 0xff, 0xff, 0x00, 0x0f, 0xff, 0xff,
        0xff, 0xff, 0xff, 0xff, 0xff, 0x00, 0x0f, 0xff, 0xff, 0xff, 0xff, 0xff, 0xff, 0xff, 0x00,
        0x0f, 0xff, 0xff, 0xff, 0xff, 0xff, 0xff, 0xff, 0x00, 0x0f, 0xff, 0xff, 0xff, 0xff, 0xff,
        0xff, 0xff, 0x00, 0x0f, 0xff, 0xe0, 0xff, 0xff, 0xf0, 0x7f, 0xff, 0x00, 0x0f, 0xff, 0xe0,
        0xff, 0xff, 0xf0, 0x7f, 0xff, 0x00, 0x0f, 0xff, 0xe0, 0xff, 0xff, 0xf0, 0x7f, 0xff, 0x00,
        0x0f, 0xff, 0xe0, 0xff, 0xff, 0xf0, 0x7f, 0xff, 0x00, 0x0f, 0xff, 0xe0, 0xff, 0xff, 0xf0,
        0x7f, 0xff, 0x00, 0x00, 0x7f, 0xff, 0xf8, 0x01, 0xff, 0xff, 0xe0, 0x00, 0x00, 0x7f, 0xff,
        0xf8, 0x01, 0xff, 0xff, 0xe0, 0x00, 0x00, 0x7f, 0xff, 0xf8, 0x01, 0xff, 0xff, 0xe0, 0x00,
        0x00, 0x7f, 0xff, 0xf8, 0x01, 0xff, 0xff, 0xe0, 0x00, 0x00, 0x7f, 0xff, 0xf8, 0x01, 0xff,
        0xff, 0xe0, 0x00, 0x00, 0x03, 0xff, 0xff, 0xff, 0xff, 0xfc, 0x00, 0x00, 0x00, 0x03, 0xff,
        0xff, 0xff, 0xff, 0xfc, 0x00, 0x00, 0x00, 0x03, 0xff, 0xff, 0xff, 0xff, 0xfc, 0x00, 0x00,
        0x00, 0x03, 0xff, 0xff, 0xff, 0xff, 0xfc, 0x00, 0x00, 0x00, 0x03, 0xff, 0xff, 0xff, 0xff,
        0xfc, 0x00, 0x00, 0x00, 0x00, 0x1f, 0x07, 0xfe, 0x0f, 0x80, 0x00, 0x00, 0x00, 0x00, 0x1f,
        0x07, 0xfe, 0x0f, 0x80, 0x00, 0x00, 0x00, 0x00, 0x1f, 0x07, 0xfe, 0x0f, 0x80, 0x00, 0x00,
        0x00, 0x00, 0x1f, 0x07, 0xfe, 0x0f, 0x80, 0x00, 0x00, 0x00, 0x00, 0x1f, 0x07, 0xfe, 0x0f,
        0x80, 0x00, 0x00, 0x00, 0x03, 0xe0, 0xf8, 0x01, 0xf0, 0x7c, 0x00, 0x00, 0x00, 0x03, 0xe0,
        0xf8, 0x01, 0xf0, 0x7c, 0x00, 0x00, 0x00, 0x03, 0xe0, 0xf8, 0x01, 0xf0, 0x7c, 0x00, 0x00,
        0x00, 0x83, 0xe0, 0xf8, 0x01, 0xf0, 0x7c, 0x08, 0x00, 0x03, 0xe3, 0xe0, 0xf8, 0x01, 0xf0,
        0x7c, 0x3e, 0x00, 0x03, 0xe3, 0xe0, 0xf8, 0x01, 0xf0, 0x7c, 0x3e, 0x00, 0x07, 0xfb, 0xe0,
        0xf8, 0x01, 0xf0, 0x7c, 0xff, 0x00, 0x03, 0xff, 0xfc, 0xf8, 0x01, 0xf0, 0xff, 0xfe, 0x00,
        0x03, 0xe7, 0xff, 0xfc, 0x01, 0xff, 0xff, 0x3e, 0x00, 0x00, 0x83, 0xe3, 0xff, 0xff, 0xff,
        0x7c, 0x08, 0x00, 0x00, 0x80, 0x03, 0xff, 0xff, 0xff, 0x00, 0x08, 0x00, 0x03, 0xe7, 0xff,
        0xfc, 0x01, 0xff, 0xff, 0x3e, 0x00, 0x03, 0xff, 0xfc, 0x00, 0x00, 0x00, 0xff, 0xfe, 0x00,
        0x07, 0xf8, 0x00, 0x00, 0x00, 0x00, 0x00, 0xff, 0x00, 0x03, 0xe0, 0x00, 0x00, 0x00, 0x00,
        0x00, 0x3e, 0x00, 0x03, 0xe0, 0x00, 0x00, 0x00, 0x00, 0x00, 0x3e, 0x00,
};

const lv_img_dsc_t crystal_25 = {
    .header.cf = LV_IMG_CF_INDEXED_1BIT,
    .header.always_zero = 0,
    .header.reserved = 0,
    .header.w = 69,
    .header.h = 68,
    .data_size = 620,
    .data = crystal_25_map,
};
